番号,4843
名前,모리야 스와코
呼び名,스와코
NICKNAME,諏訪子
基礎,체력,2200
基礎,기력,1500
基礎,ＨＰ,17;HP
基礎,ＭＰ,24;MP
基礎,ＥＸＰ,30
基礎,ＭＡＧ,50
基礎,￥,8
基礎,충성도,100
基礎,LV,42
基礎,힘,8
基礎,지혜,20
基礎,마력,18
基礎,내구,15
基礎,속도,8
基礎,운,12
基礎,CP,5

素質,건방짐,
素質,낙관적,
素質,아픔에강함,
素質,혀놀림,
素質,쾌감에솔직,
素質,매혹,
素質,인기,
素質,고무,
素質,Ｖ둔감,
素質,Ａ민감,
素質,빈유,
素質,유아체형,
素質,회복빠름,

素質,교활
素質,교만,

能力,Ｃ감각,1
能力,Ｖ감각,1
能力,순종,2
能力,레즈끼,2

経験,Ｖ경험,25
経験,절정경험,10
経験,정액경험,10
経験,레즈경험,100
;経験,이상경험,1
経験,출산경험,1

素質,머리
素質,눈
素質,입
素質,팔
素質,발
素質,무기

CSTR,상성_최고,神奈子
CSTR,상성_발군,ミシャグジさま/早苗
CSTR,상성_불량,チルノ

;打撃全般に強く、魔法に弱い
基礎,검격,50
基礎,비구,75
基礎,타격,100
基礎,전술,75
基礎,화염,200
基礎,빙결,75
基礎,전격,200
基礎,충격,150
基礎,신경,50
基礎,정신,50
基礎,파마,50
基礎,주살,0
基礎,지변,999
基礎,수격,0
基礎,질풍,150
基礎,중력,75
基礎,핵열,125
基礎,만능,100
基礎,사이코,100

;初期スキル
能力,스킬1,[[스킬:마카라칸]]
能力,스킬2,[[스킬:바이에이하]]
能力,스킬3,[[스킬:대지의벽]]

;습득스킬
能力,습득스킬1,[[스킬:지옥떨구기]]
能力,습득LV1,44,
能力,습득스킬2,[[스킬:신구「모리야의쇠바퀴」]]
能力,습득LV2,46,
能力,습득스킬3,[[스킬:대지의난무]]
能力,습득LV3,48,
能力,습득스킬4,[[스킬:파이널누드]]
能力,습득LV4,50,
能力,습득스킬5,[[스킬:어둠의심판]]
能力,습득LV5,53,

能力,계승타입,2097151;継承:全て

素質,주살
素質,지변
素質,중력

;キャラ特性
能力,종족,3;마왕
CSTR,종족명,사신
能力,회화타입,303;女・少女
能力,속성LD,3;D
能力,속성LC,1;L
CSTR,일인칭,나
CSTR,이인칭,너
CSTR,타이틀,토착신의 정점

能力,코딩,8042;찰토의부적

CSTR,상성그룹,豊葦原

能力,공격상성,0
能力,최저공격횟수,1
能力,최대공격횟수,1
能力,사거리,1;사거리
能力,공격범위,1

;フラグ,특수합체만,
フラグ,시아크출현가능,

;初期衣装
フラグ,모자,7;투구
フラグ,옷,101;옷
フラグ,하의,207;미니스커트
フラグ,양말,803;니삭스
フラグ,신발,909;가죽구두
フラグ,속옷（상）,521;絆創膏
フラグ,속옷（하）,605;마이크로비키니

フラグ,EXTRA출전,6
フラグ,컨버터,271

;悪魔解説
CSTR,해설1,등장작품：동방풍신록、동방비상천칙、더블 스포일러、등
CSTR,해설2,종족：신님
CSTR,해설3,능력　곤（坤）을 창조하는 정도의 능력
CSTR,해설4,이명：토착신의 정점

CSTR,해설6,모리야 신사에서 모셔지는、개구리의 모습을 한 신。
CSTR,해설7,신사의 진정한 주신이며 신앙 획득 계획의 기획과 입안을 담당.
CSTR,해설8,일본의 한 모퉁이에서 모리야 왕국을 세우고、국왕을 맡고 있었으나、야마토의 신 중 하나인「야사카 카나코」의 침략 전쟁에서 패배。
CSTR,해설9,왕국의 민심을 회유하기 위한 공작으로、카나코는 명목상의 새로운 신、스와코는 실제 신으로서 신앙을 받게 되었다。
CSTR,해설10,현재는 모리야 신사에서 카나코와 사이좋게 지내고 있으며、그 관게는「싸우면서 정드는 사이」같은 것이다。
CSTR,해설11,
CSTR,해설12,「곤（坤）」이란 팔괘에서「땅」을 의미한다。즉「곤（坤）을 창조하는 정도의 능력」대지를 창조하고、조종하는 능력이다。
CSTR,해설13,암석、흙、물、식물、마그마 등을 무에서 창조、조작、마음만 먹으면 거대한 화산도 만들 수 있다고 한다。
CSTR,해설14,또한、옛날에는 같은 토착신이자 재앙신인 미샤구지님을 통괄하는 신으로 모셔졌다。
CSTR,해설15,
CSTR,해설16,「동방풍신록」에서는 당초、겉으로 모습을 드러내지 않는 수수께끼같은 존재였다。
CSTR,해설17,기본적으로 모리야 신사 밖으로 나가는 일은 좀처럼 없어、그 존재는 아직 잘 알려져 있지 않다。
