番号,10825
名前,쿠키
呼び名,쿠키
NICKNAME,クッキー

基礎,체력,3500
基礎,기력,1000

基礎,LV,15
基礎,힘,5
基礎,지혜,5
基礎,마력,7
基礎,내구,5
基礎,속도,14
基礎,운,4

素質,솔직함
素質,건방짐
素質,호기심
素質,비관적
素質,혀놀림
素質,불결무시
素質,중독되기쉬움
素質,후타나리
素質,절륜
素質,습득느림
素質,해방
素質,젖기쉬움
素質,도착적
素質,회복빠름
素質,유아체형
素質,빈유
素質,발정가능
素質,교활

素質,낙적

能力,순종,2
能力,욕망,4
能力,노출증,3
能力,Ｖ감각,3
能力,Ｂ감각,3
能力,Ｃ감각,0
;経験
経験,Ｖ경험,100
経験,절정경험,50
経験,정액경험,100
経験,성교경험,200
経験,사정경험,1000
経験,매춘경험,200

フラグ,초기이상경험,2
CSTR,초기이상경험,射精

素質,머리
素質,눈
素質,입
素質,팔
素質,날개
素質,발

フラグ,매춘인기,200

;衝撃無効+氷結・ガンに弱い+飛行
基礎,검격,50
基礎,비구,200
基礎,타격,50
基礎,전술,150
基礎,화염,100
基礎,빙결,150
基礎,전격,50
基礎,충격,-50
基礎,신경,100
基礎,정신,50
基礎,파마,100
基礎,주살,100
基礎,지변,150
基礎,수격,100
基礎,질풍,150
基礎,중력,50
基礎,핵열,50
基礎,만능,100
基礎,사이코,100

能力,스킬1,[[스킬:디아]]
能力,스킬2,[[스킬:자폭]]
能力,스킬3,[[스킬:바이널스트라이크]]
能力,스킬4,[[스킬:섹시댄스]]
能力,스킬5,[[스킬:캔디보이스]]

能力,습득스킬1,[[스킬:마하・잔]]
能力,습득LV1,16
能力,습득스킬2,[[스킬:날개짓]]
能力,습득LV2,18
能力,습득스킬3,[[스킬:트라프리]]
能力,습득LV3,22
能力,습득스킬4,[[스킬:갈라]]
能力,습득LV4,25
能力,습득스킬5,[[스킬:타루・카쟈]]
能力,습득LV5,28
能力,습득스킬6,[[스킬:옥쇄파]]
能力,습득LV6,30
能力,습득스킬7,[[스킬:열풍격]]
能力,습득LV7,43

能力,습득스킬8,[[스킬:소녀의간식]]
能力,습득LV8,20

能力,종족,10;요조
CSTR,종족명,흉조

能力,계승타입,2097151;継承:全て
素質,전술
素質,회복
素質,충격
素質,질풍
素質,만능

能力,회화타입,303;女・少女
フラグ,ＴＳ시회화타입,314;男・少年
能力,속성LD,3;D
能力,속성LC,1;L

能力,공격상성,2
能力,최저공격횟수,1
能力,최대공격횟수,1
能力,사거리,1;사거리
能力,공격범위,1

能力,각성스킬,[[キャラ:모・쇼보]]

CSTR,일인칭,나
CSTR,이인칭,%\@IS_MALE(MASTER)?오빠#언니\@%

CSTR,프레젠트용좋아하는물건,高級カニ味噌_15000_クローン脳髄_50000

;初期衣装
フラグ,모자,8;모자
フラグ,전신복,317;민족의상
フラグ,손,401;장갑
フラグ,속옷（하）,602;팬티
;ウムドというズボンなので近いものを
;何故黒限定なのか、江頭専用？
;フラグ,양말,804;사이하이삭스
フラグ,양말,810;검은색타이즈
フラグ,신발,901;부츠

フラグ,특수합체만
フラグ,합체조건있음
フラグ,전서소환불가

;悪魔解説
CSTR,해설1,창관에서 일하고 있었던 모・쇼보。달려 있다
CSTR,해설20,등장작품：『ShinEraTensei 오리지널』

フラグ,작품코드,900
