番号,879
名前,카부소
呼び名,카부소
NICKNAME,カブソ

基礎,체력,1500
基礎,기력,1500
基礎,ＨＰ,16;HP
基礎,ＭＰ,5;MP
基礎,ＥＸＰ,16
基礎,ＭＡＧ,50
基礎,￥,8
基礎,충성도,100

基礎,LV,3
基礎,힘,3
基礎,지혜,5
基礎,마력,5
基礎,내구,3
基礎,속도,3
基礎,운,3
基礎,CP,9

素質,반항적
素質,건방짐
素質,호기심
素質,눈에띄고싶어함
素質,부끄럼없음
素質,젖기쉬움
素質,고양이혀
素質,악취민감
素質,쾌감에솔직
素質,유아체형
素質,절벽
素質,남자
素質,동물귀
素質,발정가능
素質,교활

素質,짐승
素質,머리
素質,눈
素質,입
素質,팔
素質,갈퀴
素質,발
素質,꼬리
素質,모피

;ノーマル
基礎,검격,100
基礎,비구,100
基礎,타격,150
基礎,전술,100
基礎,화염,50
基礎,빙결,100
基礎,전격,150
基礎,충격,100
基礎,신경,100
基礎,정신,50
基礎,파마,100
基礎,주살,100
基礎,지변,150
基礎,수격,100
基礎,질풍,150
基礎,중력,100
基礎,핵열,100
基礎,만능,100
基礎,사이코,100

能力,스킬1,[[스킬:아기]]
能力,스킬2,[[스킬:잔]]
能力,스킬3,[[스킬:배리어코와스]]

能力,습득스킬1,[[스킬:할퀴기]]
能力,습득LV1,4
能力,습득스킬2,[[스킬:트라프리]]
能力,습득LV2,6

能力,종족,9;마수

素質,전술
素質,화염
素質,충격

能力,회화타입,314;男・少年(313;男・子供予定)
フラグ,ＴＳ시회화타입,302;女・子供
;フラグ,인간화시회화타입,313;男・子供
;フラグ,ＴＳ인간화시회화타입,302;女・子供
フラグ,원가슴사이즈,3

能力,속성LD,2;N
能力,속성LC,2;N

能力,공격상성,3
能力,최저공격횟수,1
能力,최대공격횟수,1
能力,사거리,1;사거리
能力,공격범위,1

能力,아이템1,1001;외상약
能力,입수확률1,10
能力,아이템2,1002;마석
能力,입수확률2,40

CSTR,일인칭,나
CSTR,이인칭,너
CSTR,ＴＳ시일인칭,나
CSTR,ＴＳ시이인칭,너

CSTR,상성그룹,物の怪

フラグ,모자,31;삿갓

;해설
CSTR,해설1,카와우소。이시카와현 노토 지방에서의 호칭。
CSTR,해설2,고양이 같은 모습에 넓은 꼬리를 가진 요괴로、밤길을 걷는 사람의 등불을 끄거나
CSTR,해설3,사람을 환각에 빠지게 하거나、사람으로 둔갑해 장난을 치는 것으로 알려져 있다。
;CSTR,해설3,ところによっては河童の一種。いずれにせよ相撲好きらしい。
;CSTR,해설4,
CSTR,해설5,일설에 의하면 캇파의 정체는 동물 수달이라고 한다。
;だとすると河童は絶滅妖怪……
