;_/_/_/_/_/_/_/_/_/_/_/_/_/_/_/_/_/_/_/_/_/_/_/_/#
;
;	キャラクターデータ(No.4506:望月 麻里)
;
;	Licence:ライセンスフリー。
;
;	Edit	Date			Author					Reason
;
;_/_/_/_/_/_/_/_/_/_/_/_/_/_/_/_/_/_/_/_/_/_/_/_/#

;-------------------------------------------------
; メモ：女神転生異聞録デビルサバイバー
;-------------------------------------------------

;-----------------------------
;- 基礎情報
;-----------------------------
番号,10546
フラグ,작품코드,506
名前,모치즈키 마리
呼び名,마리
NICKNAME,マリ

基礎,체력,2000
基礎,기력,1000
基礎,사정,10000
基礎,ＨＰ,15;HP
基礎,ＭＰ,9;MP
基礎,ＥＸＰ,0;経験値
基礎,ＭＡＧ,0;ＭＡＧ
基礎,￥,10

基礎,LV,5;レベル：以下基本能力
基礎,힘,4
基礎,지혜,6
基礎,마력,4
基礎,내구,4
基礎,속도,3
基礎,운,4
基礎,CP,0

基礎,신장,162

CSTR,머리색,黒
CSTR,체형,ポニーテール
CSTR,눈동자색,黒
;CSTR,피부색,未指定;未指定（肌色）

;-----------------------------
;- 素質(調教関連)
;-----------------------------
素質,처녀
素質,헌신적
素質,정조관념
素質,일선을넘지않음
素質,아픔에강함
素質,바늘다루기
素質,거유
素質,습득빠름
素質,치료

能力,봉사정신,1

;-----------------------------
;- 素質(그외)
;-----------------------------
素質,서머너,1
素質,이능자,5

素質,머리
素質,눈
素質,입
素質,팔
素質,발

;-----------------------------
;- 相性
;-----------------------------
基礎,검격,100
基礎,비구,100
基礎,타격,100
基礎,전술,100
基礎,화염,100
基礎,빙결,100
基礎,전격,100
基礎,충격,100
基礎,신경,100
基礎,정신,100
基礎,파마,0
基礎,주살,100
基礎,지변,100
基礎,수격,100
基礎,질풍,100
基礎,중력,100
基礎,핵열,100
基礎,만능,100
基礎,사이코,100

素質,회복
素質,지원
素質,정신
;-----------------------------
;- 스킬
;-----------------------------
能力,스킬1,[[스킬:디아]]
能力,스킬2,[[스킬:파트라]]

能力,습득스킬1,[[스킬:라쿠・카쟈]]
能力,습득LV1,6
能力,습득스킬2,[[스킬:펨파트라]]
能力,습득LV2,7
能力,습득스킬3,[[스킬:메・디아]]
能力,습득LV3,8
能力,습득스킬4,[[스킬:포즈무디]]
能力,습득LV4,9
能力,습득스킬5,[[스킬:일할의활천]]
能力,습득LV5,10
能力,습득스킬6,[[스킬:디아라마]]
能力,습득LV6,16
能力,습득스킬7,[[스킬:패럴라디]]
能力,습득LV7,18
能力,습득스킬8,[[스킬:자장가]]
能力,습득LV8,20
能力,습득스킬9,[[스킬:리캄]]
能力,습득LV9,24
能力,습득스킬10,[[스킬:디아라한]]
能力,습득LV10,27
能力,습득스킬11,[[스킬:메・디아라마]]
能力,습득LV11,31

;-----------------------------
;- アライメント
;-----------------------------
能力,종족,0;인간
能力,계승타입,0;継承なし

能力,회화타입,0;会話なし
能力,속성LD,2
能力,속성LC,2

能力,공격상성,2
能力,최저공격횟수,1
能力,최대공격횟수,1
能力,사거리,1

;-----------------------------
;- 初期装備
;-----------------------------
EQUIP,검,0;なし
EQUIP,몸통,0;なし

;-----------------------------
;- 初期衣装
;-----------------------------
フラグ,모자,5;리본
フラグ,옷,113;スウェット
フラグ,하의,201;스커트
フラグ,속옷（상）,501;브래지어
フラグ,속옷（하）,602;팬티
フラグ,양말,806;パンスト
フラグ,신발,911;펌프스
フラグ,겉옷,1006;백의

;-----------------------------
;- 相関関係
;-----------------------------

;-----------------------------
;- キャラ解説 ( CSTR:30～49 の20行)
;-----------------------------
CSTR,일인칭,
CSTR,이인칭,
CSTR,타이틀,養護教諭

CSTR,해설1,【모치즈키 마리】 23세
CSTR,해설2,
CSTR,해설3,　아츠로우의 중학교 시절 가정교사였던 여성. 가느다란 눈매가 특징.
CSTR,해설4,　현재는 모 초등학교에서 보건교사를 하고 있다.
CSTR,해설5,
CSTR,해설6,　도쿄 봉쇄 반년 전에 연인을 잃었으며, 그의 남동생이자
CSTR,해설7,　시부야 불량배 그룹 「시부야 다이몬즈」의 리더인
CSTR,해설8,　【니카이도 타다시】와는 소꿉친구.
CSTR,해설9,
CSTR,해설10,
CSTR,해설11,
CSTR,해설12,
CSTR,해설13,
CSTR,해설14,
CSTR,해설15,
CSTR,해설16,
CSTR,해설17,
CSTR,해설18,
CSTR,해설19,
CSTR,해설20,등장작품: 『여신전생 이문록 데빌 서바이버』
