;----------------------------------------------------------------
; 游戏基本信息 GameBase.csv
;----------------------------------------------------------------
作者,雞雞|无名路人|黑奴队长
追加情報,是什么让你选择不仅要玩赛马娘还要玩文字版
製作年,2023 ～
タイトル,EraUma
コード,29407
最初からいるキャラ,0
バージョン,2210
バージョン名,2.21 (agito)
バージョン違い認める,1000
发布页,https://gitgud.io/umaera/erauma/-/releases/permalink/latest
版本检查,https://umaera.gitgud.site/erauma/RELEASE
程序更新,https://gitgud.io/api/v4/projects/29407/packages/generic/base/${VERSION}/base.zip
游戏图标,res/logo.png