;-------------------------------------------------
; メモ：
;ライセンスフリー
;
;更新履歴
;		2020/7/27	新規作成
;	　	2022/6/18	スキル追加	takaya
;やみのま！
;-------------------------------------------------

;-----------------------------
;- 基礎情報
;-----------------------------
番号,5602
名前,칸자키 란코
呼び名,란코
NICKNAME,蘭子

基礎,체력,1800
基礎,기력,1400
基礎,사정,10000
基礎,ＨＰ,15
基礎,ＭＰ,9
基礎,ＥＸＰ,0;経験値
基礎,ＭＡＧ,0;ＭＡＧ
基礎,￥,10

フラグ,EXTRA출전,7
基礎,LV,5;レベル：以下基本能力
基礎,힘,3
基礎,지혜,5
基礎,마력,6
基礎,내구,3
基礎,속도,3
基礎,운,3
基礎,CP,0

基礎,신장,156
基礎,체중,41
基礎,바스트,81
基礎,웨스트,57
基礎,힙사이즈,80

CSTR,머리색,銀色
CSTR,체형,ツインテール
CSTR,눈동자색,赤
;CSTR,피부색,未指定;未指定（肌色）

;-----------------------------
;- 素質(調教関連)
;-----------------------------
素質,처녀
素質,Ｂ민감

素質,프라이드높음
素質,겁쟁이
素質,솔직함
素質,일선을넘지않음
素質,정조관념
素質,부끄럼쟁이
素質,아픔에약함
素質,젖기쉬움
素質,습득빠름
素質,헌신적
素質,인기

経験,가창경험,30

;-----------------------------
;- 素質(그외)
;-----------------------------
素質,이능자,5

素質,머리
素質,눈
素質,입
素質,팔
素質,발

;-----------------------------
;- 相性
;-----------------------------
; 普通の異能者
;-----------------------------
基礎,검격,100
基礎,비구,100
基礎,타격,100
基礎,전술,100
基礎,화염,100
基礎,빙결,100
基礎,전격,100
基礎,충격,100
基礎,신경,100
基礎,정신,100
基礎,파마,0
基礎,주살,100
基礎,지변,100
基礎,수격,100
基礎,질풍,100
基礎,중력,100
基礎,핵열,100
基礎,만능,100
基礎,사이코,100

;-----------------------------
;- 스킬
;-----------------------------
; 闇と炎が交わり最強に見えるやみのま
;-----------------------------
能力,스킬1,[[스킬:무드]]
能力,스킬2,[[스킬:아기]]

能力,습득스킬1,[[스킬:캔디보이스]]
能力,습득LV1,8
能力,습득스킬2,[[스킬:일할의마맥]]
能力,습득LV2,12
能力,습득스킬3,[[스킬:아기라오]]
能力,습득LV3,15
能力,습득스킬4,[[스킬:마하무드]]
能力,습득LV4,18
能力,습득스킬5,[[스킬:마하・라기온]]
能力,습득LV5,20
能力,습득스킬6,[[스킬:디아라마]]
能力,습득LV6,24
能力,습득스킬7,[[스킬:마카・카쟈]]
能力,습득LV7,28
能力,습득스킬8,[[스킬:이악물기]]
能力,습득LV8,32
能力,습득스킬9,[[스킬:정천의회심]]
能力,습득LV9,36
能力,습득스킬10,[[스킬:추격의심득]]
能力,습득LV10,40
能力,습득스킬11,[[스킬:마하・라기다인]]
能力,습득LV11,48
能力,습득스킬12,[[스킬:어둠에삼켜져라！]]
能力,습득LV12,55
能力,습득스킬13,[[스킬:전용기1]]
CSTR,전용기1,お願い！ｼﾝﾃﾞﾚﾗ
能力,습득LV13,65

素質,회복
素質,지원
素質,화염
素質,정신
素質,주살
;-----------------------------
;- アライメント
;-----------------------------
能力,종족,0;인간
能力,계승타입,0;継承なし
能力,회화타입,0;会話なし

能力,속성LD,2;N
能力,속성LC,2;N

能力,공격상성,2
能力,최저공격횟수,1
能力,최대공격횟수,1
能力,사거리,1

;-----------------------------
;- 初期装備
;-----------------------------
; なし
;-----------------------------

;-----------------------------
;- 初期衣装
;-----------------------------
; [겉옷]
フラグ,전신복,334;고딕드레스(V넥)
フラグ,양말,810;검은색타이즈
フラグ,신발,901;부츠

; [下着]
フラグ,속옷（상）,509;レース付きブラ
フラグ,속옷（하）,602;팬티

;-----------------------------
;- キャラ解説 ( CSTR:30～49 の20行)
;-----------------------------
CSTR,일인칭,나
CSTR,이인칭,그대
CSTR,타이틀,어둠의 아이돌

CSTR,해설1,【칸자키 란코】 14세
CSTR,해설2,　웨이브 진 은발을 리본으로 묶어 트윈테일로 만든, 붉은 눈의 고스로리 소녀.
CSTR,해설3,　중증의 중이병을 앓고 있어 통역이 필요할 정도로 난해한 말투를 구사한다.
CSTR,해설4,　「어둠에 삼켜져라!」→「해석: 수고하셨습니다」, 「금단의 과실」→「해석: 햄버그」 등.

CSTR,해설6,　혈액형 A형, 양자리, 오른손잡이. 구마모토현 출신.
CSTR,해설7,　취미는 그림 그리기.

CSTR,해설9,　고압적으로 들리는 중이병 언어로 대화하기에 오해받기 십상이지만,
CSTR,해설10,　본인의 마음속 생각은 대단히 예의 바르고 공손하다. 가끔 본래 말투가 튀어나오기도 한다.
CSTR,해설11,　호러물을 극도로 무서워한다.
CSTR,해설12,　어디까지나 고스로리나 어둠 같은 분위기를 좋아하는 것뿐이지,
CSTR,해설13,　피나 잔혹한 것을 좋아하는 것은 아니라고 한다.

CSTR,해설20,등장 작품: 『아이돌마스터 신데렐라 걸즈』

