;_/_/_/_/_/_/_/_/_/_/_/_/_/_/_/_/_/_/_/_/_/_/_/_/# 
;
;	Module		:Chara5234_草薙素子.csv
;	Facility	: 
;
;	Licence		:ライセンスフリー 
;
;	Modification Data: 
;
;	Edit	Date			Author					Reason
;	000		20XX/XX/XX		----					テンプレ 
;	001		2024/10/18		あだまんマイマイ		作成
;_/_/_/_/_/_/_/_/_/_/_/_/_/_/_/_/_/_/_/_/_/_/_/_/# 
;
;----------------------------- 
;- 基礎情報
;----------------------------- 
番号,5234
名前,쿠사나기모토코
呼び名,쿠사나기모토코
NICKNAME,草薙素子
 
基礎,체력,1800
基礎,기력,1200
基礎,사정,10000
基礎,ＨＰ,14
基礎,ＭＰ,30
基礎,ＥＸＰ,16
基礎,ＭＡＧ,45
基礎,￥,6
基礎,충성도,100
 
 
;----------------------------- 
;- 基本能力
;----------------------------- 
;原則として、基本能力値（力～運）の合計は18+LV*1.5±5の範囲に収まるようにしてください 
;25.5±5
基礎,LV,5
基礎,힘,7
基礎,지혜,4
基礎,마력,2
基礎,내구,2
基礎,속도,6
基礎,운,5
基礎,CP,0
フラグ,매각불가능,1

;----------------------------- 
;- 素質/能力/経験(調教関連)
;----------------------------- 
;身体特徴
;素質小柄体型
素質,거유
素質,並尻
素質,음모없음

;性格　
素質,꿋꿋함
素質,냉정
 
;性への関心
素質,보수적
素質,자제심

;乙女心
素質,부끄럼없음

;体質
素質,아픔에강함
素質,약독내성

;技術
素質,습득느림

;潔癖度
素質,불결무시

;正直度


;性愛性
素質,바이
素質,새드

;魅了

;特殊
素質,Ｂ둔감
素質,Ｃ민감
素質,Ｖ둔감
素質,Ａ민감

;-----------------------------,
;-,素質/能力/経験(그외)
;-----------------------------,
;デフォ
;素質スキル適性,3
;CP20/20,
素質,건슬링거,2

;계승타입
素質,비구
素質,신경

;肉体部位
素質,머리
素質,눈
素質,입
素質,팔
素質,발
;--,経験,



;-----------------------------,
;-,相性
;-----------------------------,
;4弱点,
;2耐性,
;2無効,
;のっぺりとした耐性
;人間に近く等倍が多い
;義体なので打撃にやや強い
;海で泳げるくらいの防水性がある
;電撃にとても弱い
;ハマに弱く、ムドに強い

基礎,검격,100
基礎,비구,100
基礎,타격,50
基礎,전술,100

基礎,화염,100
基礎,빙결,100
基礎,전격,300
基礎,충격,100

基礎,신경,0
基礎,정신,150
基礎,파마,200
基礎,주살,0

基礎,지변,100
基礎,수격,50,
基礎,질풍,100
基礎,중력,150
基礎,핵열,100

基礎,만능,100

;-----------------------------,
;-,스킬
;-----------------------------,
;◆悪魔なのでスキル枠8
;-----------------------------,

能力,스킬1,[[스킬:퀵드로]],rank1,
能力,스킬2,[[스킬:지오]],rank1,
能力,스킬3,[[스킬:포이즈마]],rank2
能力,스킬4,[[스킬:숏잽]],rank1

能力,습득스킬1,[[스킬:산탄사격]],rank3,
能力,습득LV1,13,
能力,습득스킬2,[[스킬:마이트]],rank4
能力,습득LV2,17,
能力,습득스킬3,[[스킬:아라크노와이어]],rank5
能力,습득LV3,23,
能力,습득스킬4,[[스킬:마이트브레스]],rank5
能力,습득LV4,28,
能力,습득스킬5,[[스킬:타슬람샷]],rank6,
能力,습득LV5,33,
能力,습득스킬6,[[스킬:추격의심득]],rank7
能力,습득LV6,38,
能力,습득스킬7,[[스킬:도화일섬]],rank8,
能力,습득LV7,42,
能力,습득스킬8,[[스킬:멸살수전]],Rank10
能力,습득LV8,49,
能力,습득스킬9,[[스킬:라쿤다오토]],rank10,
能力,습득LV9,51,
能力,습득스킬10,[[스킬:천발천중]],rank10,
能力,습득LV10,53,
能力,습득스킬11,[[스킬:원샷킬]],rank11
能力,습득LV11,58,
 
;----------------------------- 
;- アライメント
;----------------------------- 
能力,종족,12;머신
CSTR,종족명,의체,
能力,계승타입,0;継承なし,
能力,회화타입,0;会話なし,
;中立中庸
能力,속성LD,2;N
能力,속성LC,2;N

能力,공격상성,2;타격,
能力,최저공격횟수,1
能力,최대공격횟수,1
能力,사거리,1;射程S
能力,공격범위,1

;-----------------------------,
;-,初期衣装
;-----------------------------,
フラグ,모자,[[衣装:군모]]
フラグ,옷,[[衣装:가슴장갑]],
フラグ,하의,[[衣装:허리장갑]],
フラグ,손,[[衣装:반장갑]],
;フラグ下着（上）,501;브래지어,
;フラグ下着（下）,602;팬티,
フラグ,전신속옷,[[衣装:타이트보디수트]],
フラグ,양말,[[衣装:각반]],
フラグ,신발,[[衣装:숏부츠]],
フラグ,겉옷,[[衣装:코트]]
フラグ,그외,[[衣装:홀스터]]
;フラグその他2;
;フラグその他3;

;容姿。체형
CSTR,머리색,黒
;0=未指定1=黒2=茶3=金4=銀5=赤6=青7=緑8=ピンク9=紫,10=白 11=栗 12=薄紫 13=赤紫 14=プラチナ 15=アッシュブラウン
CSTR,체형,セミロング
CSTR,눈동자색,紫
;0=未指定1=黒2=茶3=金4=銀5=赤6=青7=緑8=紫9=灰色,10=水色
CSTR,피부색,白
;0=未指定1=白2=褐色3=赤4=青5=緑
 
;----------------------------- 
;- 相関関係
;----------------------------- 
 
 
;----------------------------- 
;CFLAG 
;----------------------------- 
フラグ,합체소재사용금지
フラグ,１체만
フラグ,전서소환불가

フラグ,라그숍판매,1
フラグ,EXTRA출전,98
CSTR,등장작품타이틀,攻殻機動隊

;-----------------------------
;- キャラ解説 ( CSTR:30～49 の20行)
;----------------------------- 
CSTR,일인칭,나
CSTR,이인칭,당신
CSTR,타이틀,사로잡힌 비밀수사관

CSTR,롤설명1,義体/人体を部分的に機械化しており、脅威的な能力を持つ。/万能ということはなく、コストや心身の不一致から来る精神的苦痛など/克服しなければならない問題点も多い。/

CSTR,해설1,쿠사나기 모토코
CSTR,해설2,　【草薙　素子】　通称:少佐
CSTR,해설3,뇌와 척수 일부를 제외한 전신을 의체화(사이보그화)한 여성.
CSTR,해설4,의체 덕분의 초인적인 신체 능력과 탁월한 판단력, 통솔력을 두루 갖추었으며 해킹 실력 또한 일류다.
CSTR,해설5,합리적인 판단뿐 아니라 자신의 직관을 깊이 신뢰하며 이를 「고스트의 속삭임」이라 부른다.
CSTR,해설6,전직 군인 출신으로 동료들에게 소령이라 불리는 것은 당시 계급에서 유래했다.
CSTR,해설7,
CSTR,해설8,ShinEraTensei에서는 비구와 신경 속성에 적성을 지니며 악마이면서도 총기를 장비할 수 있다.
CSTR,해설9,비구 스킬은 힘 수치를 참조하는 경우가 많지만 신경 스킬은 대부분 마법 기반이므로
CSTR,해설10,물리 특화로 갈지 양도형으로 육성할지는 플레이어 취향에 따라 선택하자.
CSTR,해설11,
CSTR,해설12,
CSTR,해설13,등장하는 작품에 따라 외모, 경력, 성격 등이 크게 달라진다.
CSTR,해설14,예를 들어 원작 만화에서는 자유분방하고 농담도 잘 던지는 쾌활한 여성으로 그려지지만,
CSTR,해설15,극장판에서는 표정 변화가 거의 없는 엄격하고 금욕적인 사이보그 수사관으로 등장한다.
CSTR,해설16,애니메이션 시리즈 1기인 「STAND ALONE COMPLEX」가 가장 유명하며 대중적인 인상을 확립했다.
CSTR,해설17,
CSTR,해설18,
CSTR,해설19,등장작품: 『공각기동대 THE GHOST IN THE SHELL』 『공각기동대 S.A.C.』 및 시리즈 작품
CSTR,해설20,『D×2 진·여신전생 리버레이션』 콜라보
 
