;_/_/_/_/_/_/_/_/_/_/_/_/_/_/_/_/_/_/_/_/_/_/_/_/#
;
;	キャラクターデータ(No.:5408)
;
;	Licence:ライセンスフリー。
;
;	Edit	Date			Author					Reason
;	001		2025/01/05	kamedakeisuke			新規作成
;
;_/_/_/_/_/_/_/_/_/_/_/_/_/_/_/_/_/_/_/_/_/_/_/_/#
;
;ラグ店を気軽に使ってほしい！
;というわけで今回は専用スキルマシマシのわがままオーダーなやつを用意しました
;（あんまり意味がないので、ここまでマシマシにする必要はないです、実際は汎用スキルをもっと使って省エネで作ってください）
;こういうのもできますよってことで。
;
;どなは作中で2番目に強いデスサイキック。たくさん出てくるのでたぶんクローンか何か。
;パーティ加入なんか当然しないんですがそこはeraten、かわいければ関係ねえとエロい人は言いました。
;個人的にはめしあも印象深い（ウワーッ知らん敵！⇒エロい服！⇒強い死んだふざけんな、という思い出）んですが星をみるひとユーザーがめしあの話をしてるところをあんま見ないので割愛
;
;それとすりーぱ先輩は「1,000経験値くれるbig boy」として認識してるので割愛。作りたい人、今がチャンスですよ。
;
;-------------------------------------------------
; メモ：星をみるひと
;-------------------------------------------------

;-----------------------------
;- 基礎情報
;-----------------------------
番号,5408

名前,도나
呼び名,도나
NICKNAME,どな（星をみるひと）

基礎,체력,1800
基礎,기력,1200
基礎,사정,10000
基礎,ＨＰ,17
基礎,ＭＰ,24
基礎,ＥＸＰ,0;経験値
基礎,ＭＡＧ,0;ＭＡＧ
基礎,￥,10

;全キャラクターの中で2番目に強い！　という特徴があるようでないステータスだったため、まあ魔・知・耐・速にバランスよく
基礎,LV,5;レベル：以下基本能力
基礎,힘,1
基礎,지혜,8
基礎,마력,8
基礎,내구,3
基礎,속도,3
基礎,운,1
基礎,CP,0

CSTR,머리색,茶色
CSTR,체형,ロングウェーブ
CSTR,눈동자색,茶色

フラグ,라그숍판매,1
フラグ,EXTRA출전,98
CSTR,등장작품타이틀,별을 보는 사람

;-----------------------------
;- 素質(調教関連)
;-----------------------------
;性別部分
素質,처녀

;すべて想像。クローンデスサイキックってどういうのかな～～～みたいなお気持ちで制作。
;たぶんテレパシィ系なので覚もつける
素質,얌전함
素質,무관심
素質,감정결핍
素質,정조관결여
素質,임신하기어려움
素質,아픔에강함
素質,습득빠름
素質,불결무시
素質,유아체형

素質,사토리（소질）
素質,조합지식

素質,Ｃ둔감
素質,Ｂ민감
素質,Ｖ둔감
素質,Ａ민감

素質,절벽
素質,小尻
素質,슬렌더
素質,음모없음

;-----------------------------
;- 素質(그외)
;-----------------------------
素質,이능자,5
素質,인트부스터,3
素質,바이탈부스터,3
;ステータスを上げてみる

素質,머리
素質,눈
素質,입
素質,팔
素質,발

;-----------------------------
;- 相性
;-----------------------------
基礎,검격,100
基礎,비구,100
基礎,타격,100
基礎,전술,100
基礎,화염,100
基礎,빙결,100
基礎,전격,100
基礎,충격,100
基礎,신경,100
基礎,정신,100
基礎,파마,0
基礎,주살,100
基礎,지변,100
基礎,수격,100
基礎,질풍,100
基礎,중력,100
基礎,핵열,100
基礎,만능,100
基礎,사이코,100

;-----------------------------
;- 스킬
;-----------------------------
;どなは解析データによるとてれぱし系のESPを使う。また、このほかに打撃と逃走、全回復アイテム「하이퍼」も使う。
;
;原作ESP（覚書）味方版とは効果が違う
;ID1	ESP名			確率	処理
;191	텔레파시		1/4		対象の現在HPを1/2にする。ステータス変化は無し。
;21		오프마인드	2/4		術者の現在HPを100にする。最大HPは無視される。(バグ)
;24		ばどうぇーぶ	1/4		対象の恒久ステータス変化を 1:気絶 にする。
;								すでに 2:病気 であった場合、1:気絶で上書きされる。
;
;これだけだと寂しいのでぶれいく系・てれぽーと系・しーるど系それぞれからつまみ食いする
;あとまあアイテムも使うっぽいので一部持ってこようと思う。
;（味方サイキックが使えないのはなぜですか？⇒誰も作ってくれないからです）
;（敵はほら無から出してくるから自分で作れるんだよ）
;
;原作効果
;ID	　名前　	移動時処理					戦闘時処理
;0	하이퍼	使用者のHP全回復			使用者HP全回復
;1	ふれっと	何も起きない				対象の種族が2:機械のとき成功。ダメージはrandom(15)+10。すなわち10～25。
;2	とれろ		何も起きない				対象の種族が1:人間のとき成功。敵の戦闘時ステータス変化に0x80:眠りを付与する。
;3	쿠랏토	病気を治す					病気を治す
;4	리바이루	何も起きない				何も起きない※蘇生施設で仲間を蘇生する際に消費
;5	あいむ		何も起きない				何も起きない※イベントアイテム
;6	らどくりふ	使用者MP全回復				使用者MP全回復
;7	카리우		使用者を病気にする			使用者を病気※自滅アイテム。なんでやねん……
;8	하이프		使用者HP100回復				使用者HP200回復
;9	らどほ		使用者MP50回復				使用者HP100回復

;eraten効果
;하이퍼		HP全回復　ディアラハン互換
;ふれっと		なし
;とれろ			なし
;쿠랏토		単体バステ全回復　パトラディ互換
;리바이루		サマリカーム互換
;あいむ			なし
;らどくりふ		なし
;카리우			特大確率麻痺付与　実質即死の原作より有情
;하이프			HP回復中　ディアラマ互換
;らどほ			なし

能力,스킬1,[[스킬:텔레파시]]

能力,습득스킬1,[[스킬:텔레포트]];じゃんぷ枠
能力,습득LV1,6
能力,습득스킬2,[[스킬:사이코볼]];ぶれいく枠
能力,습득LV2,10
能力,습득스킬3,[[스킬:하이프]];アイテム
能力,습득LV3,14
能力,습득스킬4,[[스킬:배틀실드]];しーるど枠
能力,습득LV4,18
能力,습득스킬5,[[스킬:오프마인드]];てれぱし枠
能力,습득LV5,20
能力,습득스킬6,[[스킬:카리우]];アイテム
能力,습득LV6,23
能力,습득스킬7,[[스킬:에어]];じゃんぷ枠
能力,습득LV7,26
能力,습득스킬8,[[스킬:쿠랏토]];アイテム
能力,습득LV8,28
能力,습득스킬9,[[스킬:웨이브]];てれぱし枠
能力,습득LV9,30
能力,습득스킬10,[[스킬:잔류사념]];しーるど枠
能力,습득LV10,35
能力,습득스킬11,[[스킬:하이퍼]];アイテム
能力,습득LV11,40
能力,습득스킬12,[[스킬:마인드킬]];てれぱし枠
能力,습득LV12,50
能力,습득스킬13,[[스킬:리바이루]];アイテム
能力,습득LV13,55
能力,습득스킬14,[[스킬:배틀웨이브]];てれぱし枠
能力,습득LV14,65

素質,회복
素質,지원
素質,방어
素質,충격
素質,신경
素質,정신
素質,질풍
素質,만능

;-----------------------------
;- アライメント
;-----------------------------
能力,종족,0

;アライメント
能力,회화타입,0;会話なし
能力,속성LD,2
能力,속성LC,1;体制側のデスサイキックなのでL

能力,공격상성,2
能力,최저공격횟수,1
能力,최대공격횟수,1
能力,사거리,1

;-----------------------------
;- 初期衣装
;-----------------------------
;雑魚敵グラフィックしかないので！！！　適切妥当に！！！　やります！！！
フラグ,모자,[[衣装:리본]]
フラグ,전신복,[[衣装:원피스]]
フラグ,손,0
フラグ,전신속옷,[[衣装:타이트보디수트]]
フラグ,양말,0
フラグ,신발,[[衣装:부츠]]
フラグ,겉옷,[[衣装:코트]]
フラグ,그외,0

;-----------------------------
;- キャラ解説 ( CSTR:30～49 の20行)
;-----------------------------
;資料なんかあるわけないので好き勝手にやらせてもらいます！！！
CSTR,일인칭,도나
CSTR,이인칭,너
CSTR,타이틀,데스 사이킥

;１・３：小・大好物名　２・４：値段
;CSTR,프레젠트용좋아하는물건,好物を設定できるほどの情報量が原作に無く……

;すべて！　捏造！　です！！！！！！！！！
CSTR,해설1,도나
CSTR,해설2,
CSTR,해설3,마더 컴퓨터 '크루 III'를 따르던 데스 사이킥의 일원.
CSTR,해설4,수많은 '도나' 복제체 중 한 명이었다고 한다.
CSTR,해설5,
CSTR,해설6,원래 동일한 능력을 지녀야 하나 그녀는 출력이 규격 미달이었다.
CSTR,해설7,폐기 처분될 위기였으나 전투의 혼란에 휘말려 도쿄로 흘러들어왔다.
CSTR,해설8,전장의 여파로 차원을 넘어 전이해 온 것.
CSTR,해설9,
CSTR,해설10,저출력이라 자조하지만 이능자로서 준수한 전투력을 보유했다.
CSTR,해설11,현장에서 즉석으로 특수 약품을 조제하는 능력도 있다.
CSTR,해설12,길가의 풀을 뜯어 염동력으로 조합하는 엉뚱한 모습을 보이기도 한다.
CSTR,해설13,
CSTR,해설14,감정 표현은 희박하나 충분히 소통이 가능하다.
CSTR,해설15,꾸준히 보살펴 주면 든든한 전력이 되어줄 것이다.
CSTR,해설16,
CSTR,해설17,
CSTR,해설18,
CSTR,해설19,
CSTR,해설20,등장작품: 『별을 보는 사람』

