番号,4049
名前,포론틱１
呼び名,포론틱１
NICKNAME,ボロンティック１

基礎,체력,1500
基礎,기력,1200
基礎,ＨＰ,17;HP
基礎,ＭＰ,24;MP
基礎,ＥＸＰ,30
基礎,ＭＡＧ,60
基礎,￥,10
基礎,충성도,100

基礎,LV,65
基礎,힘,25
基礎,지혜,25
基礎,마력,25
基礎,내구,25
基礎,속도,25
基礎,운,25
基礎,CP,5

素質,반항적
;素質,호기심
素質,정조관결여
素質,부끄럼없음
;達哉分
素質,아픔에강함
素質,습득빠름
素質,약독내성
素質,불결무시
素質,쾌감에솔직
素質,새드
素質,Ｃ민감
素質,Ｂ둔감
素質,절벽
CSTR,피부색,白
素質,회복느림
素質,남자
素質,광기
素質,금단의지식
素質,잔학

素質,머리
素質,눈
素質,입
素質,팔
素質,발

;
基礎,검격,50
基礎,비구,50
基礎,타격,50
基礎,전술,50
基礎,화염,0
基礎,빙결,200
基礎,전격,50
基礎,충격,50
基礎,신경,0
基礎,정신,25
基礎,파마,0
基礎,주살,0
基礎,지변,50
基礎,수격,50
基礎,질풍,50
基礎,중력,50
基礎,핵열,0
基礎,만능,100
基礎,사이코,100

能力,스킬1,[[스킬:프레이다인]]
能力,스킬2,[[스킬:다크노바사이저]]
能力,스킬3,[[스킬:메갈로파이어]]

能力,종족,41;ペルソナ2
;CSTR,종족명,宇宙人
CSTR,종족명,외도
能力,회화타입,331;회화불능
能力,속성LD,2;N
能力,속성LC,3;C

フラグ,단독링케이지,1
能力,공격상성,2
能力,최저공격횟수,1
能力,최대공격횟수,1
能力,사거리,1;사거리
能力,공격범위,1

能力,아이템1,1001
能力,입수확률1,10

CSTR,일인칭,나
CSTR,이인칭,먹이

CSTR,상성_발군,ボロンティック２/ボロンティック３/ボロンティック４/ボロンティック５
CSTR,상성_최악,達哉
CSTR,상성그룹,地球外生命体

フラグ,모자,32;헬멧
フラグ,전신복,338;우주복
フラグ,손,411;팔찌
フラグ,속옷（하）,607;부메랑팬츠

フラグ,합체조건있음
フラグ,전서소환불가

;해설
CSTR,해설1,登場作品：『페르소나２ 罪』
;CSTR,해설2,
CSTR,해설3,『인 라케치』에 기록된 고대 마야 문명의 신이자 플레이아데스 성계의 우주인인 『마야인』의 한 분파.
CSTR,해설4,마야인은 오슐라훈틱 족과 볼론틱 족 두 파벌로 나뉘어 항쟁을 거듭하고 있었다.
CSTR,해설5,그들은 태양계에까지 싸움을 넓혔고 마침내 볼론틱의 승리로 막을 내렸다.
CSTR,해설6,그러나 볼론틱 역시 이데알 에너지를 모두 소진하여 모선 시발바와 함께 스마루시 지하에 잠들어 있다.
CSTR,해설7,마야의 신탁이 성취됨과 함께 그들은 되살아나 세계 멸망을 대가로 인류의 진화를 이끈다고 하는데……
