番号,4018
名前,물병가면Ｒ
呼び名,물병가면Ｒ
NICKNAME,水瓶カメーンＲ

基礎,체력,1500
基礎,기력,1200
基礎,ＨＰ,17;HP
基礎,ＭＰ,24;MP
基礎,ＥＸＰ,30
基礎,ＭＡＧ,60
基礎,￥,10
基礎,충성도,100

基礎,LV,45
基礎,힘,8
基礎,지혜,16
基礎,마력,24
基礎,내구,8
基礎,속도,24
基礎,운,10
基礎,CP,0

;성인
素質,프라이드낮음
素質,자제심
素質,보수적
素質,일선을넘지않음
素質,억압
素質,부끄럼쟁이
;素質,습득느림
素質,헌신적
素質,도착적
素質,절벽
素質,남자
素質,교활

素質,머리
素質,눈
素質,입
素質,팔
素質,발

;
基礎,검격,100
基礎,비구,100
基礎,타격,100
基礎,전술,100
基礎,화염,100
基礎,빙결,50
基礎,전격,100
基礎,충격,999
基礎,신경,125
基礎,정신,125
基礎,파마,100
基礎,주살,100
基礎,지변,150
基礎,수격,50
基礎,질풍,-50
基礎,중력,150
基礎,핵열,100
基礎,만능,100
基礎,사이코,100

基礎,GOOD,0
基礎,HAPPY,0
基礎,SHOCK,-50
基礎,PANIC,0
基礎,SLEEP,0
基礎,FREEZE,0
基礎,BIND,25
基礎,CLOSE,0
基礎,POISON,50
基礎,CHARM,0
基礎,PALYZE,50
基礎,CURSE,0
基礎,FLY,0
基礎,STONE,0
基礎,DYING,0

能力,스킬1,[[스킬:갈다인]]
能力,스킬2,[[스킬:마하・갈라]]
能力,스킬3,[[스킬:텐타라후]]
能力,습득스킬1,[[스킬:마하・잔마]]
能力,습득LV1,50

能力,종족,41;ペルソナ2
CSTR,종족명,가면당원
能力,회화타입,331;회화불능
能力,속성LD,2;N
能力,속성LC,3;C

能力,공격상성,0
能力,최저공격횟수,1
能力,최대공격횟수,1
能力,사거리,1;사거리
能力,공격범위,1

能力,아이템1,1001
能力,입수확률1,10
能力,아이템2,3528;수병궁교복
能力,입수확률2,2

CSTR,일인칭,나
CSTR,이인칭,인간

CSTR,상성_발군,水瓶カメーン
CSTR,상성_양호,ジョーカー/クィーン
CSTR,상성그룹,仮面党

フラグ,모자,6;후드
フラグ,전신복,302;로브
フラグ,손,401;장갑
フラグ,속옷（하）,632;복서브리프
フラグ,양말,810;검은색타이즈
フラグ,신발,901;부츠
フラグ,그외,1163;마스크
フラグ,그외2,1149;스틱

フラグ,합체조건있음
フラグ,전서소환불가

CSTR,해설1,가면당의 전투원, 물병 카멘 리얼.
CSTR,해설2,초록색 로브 같은 의상과 가면에 몸을 감싸고, 깃발 같은 무기를 손에 든 채 『야일 카멘!』 하고 함성을 지른다.
;CSTR,해설3,
CSTR,해설4,『조커 님』의 영향인지 질풍계 마법을 구사하는 이능을 지니고 있으나,
CSTR,해설5,단련의 결과인지 소문의 힘인지 꽤나 강력한 것으로 변모해 있다.
CSTR,해설6,『물병』인데도 바람 속성이지만, 황도 12궁에 배정된 4대 속성으로서는 정확하다.
