;キング・レオ
番号,4010
名前,킹・레오 
呼び名,킹・레오
NICKNAME,キング・レオ

基礎,체력,3000
基礎,기력,3000
基礎,ＨＰ,17;HP
基礎,ＭＰ,24;MP
基礎,ＥＸＰ,20
基礎,ＭＡＧ,0
基礎,￥,80
基礎,충성도,100

基礎,LV,35
基礎,힘,20
基礎,지혜,15
基礎,마력,20
基礎,내구,15
基礎,속도,15
基礎,운,10
基礎,CP,0

素質,반항적
素質,건방짐
素質,비관적
素質,정조관결여
素質,억압
素質,저항
素質,불결무시
素質,쾌감에솔직
素質,도착적
素質,새드
素質,여성혐오
素質,Ｃ민감
素質,절벽
素質,남자
素質,광기
素質,잔학

素質,머리
素質,눈
素質,입
素質,팔
素質,발

;飛具・破魔にやや弱い
;水撃・氷結がCOOP可能,ただし氷結は符をつかって防いでくることがある
;物理にやや強い　火吸収・核熱反射
基礎,검격,60
基礎,비구,100
基礎,타격,60
基礎,전술,60
基礎,화염,-50
基礎,빙결,120
基礎,전격,80
基礎,충격,80
基礎,신경,40
基礎,정신,40
基礎,파마,100
基礎,주살,0
基礎,지변,80
基礎,수격,160
基礎,질풍,80
基礎,중력,80
基礎,핵열,999
基礎,만능,80
基礎,사이코,80

能力,스킬1,[[스킬:아기다인]]
能力,스킬2,[[스킬:마하・라기온]]
能力,스킬3,[[스킬:암흑광염난무]]
能力,스킬5,[[스킬:산산조각베기]]
能力,스킬6,[[스킬:프레이라]]
能力,스킬7,[[스킬:타루・카쟈]]
能力,스킬8,[[스킬:포효]]

;さらに一部アイテムを使ってくる
;烈火の勾玉、明王神符、液体窒素ボンベ

能力,종족,41;ペルソナ2
CSTR,종족명,페르소나구사자
能力,회화타입,331;회화불능
能力,속성LD,3;D
能力,속성LC,1;L

能力,공격상성,0
能力,최저공격횟수,1
能力,최대공격횟수,5
能力,사거리,1;사거리
能力,공격범위,1

能力,아이템1,1001;외상약
能力,입수확률1,10

CSTR,일인칭,나
CSTR,이인칭,네놈

;部下を何とも思って無さそうなので無しでもいいかも
CSTR,상성_양호,獅子カメーン/獅子カメーンＲ/イシュキック/ジョーカー
CSTR,상성_최악,舞耶
CSTR,상성그룹,仮面党

フラグ,옷,121;와이셔츠
フラグ,하의,225;슬랙스
フラグ,속옷（하）,606;트렁크스
フラグ,양말,801;양말
フラグ,신발,909;가죽구두
フラグ,겉옷,1004;코트
フラグ,그외,1163;마스크
フラグ,그외2,1159;스톨

フラグ,합체조건있음
フラグ,전서소환불가

;해설
CSTR,해설1,스도 타츠야(須藤竜也).
CSTR,해설3,정치가인 아버지에 의해 정신병원에 감금되었으나 소문의 힘으로 탈출.
CSTR,해설4,마이아의 신탁을 흉내 낸 테러를 반복했으나 최종적으로 하늘의 과학관에 방화,
CSTR,해설5,탈출하려던 레스토랑 비행선에서 추락사한다.
;CSTR,해설6,
CSTR,해설7,평행세계에서도 언동과 소행은 거의 동일하며 최후 역시 변함없다.
CSTR,해설8,슬프게도 타츠야의 엉덩이에 불을 붙이기 위한 장기말에 불과했던 것이다.
