番号,5505
名前,우샤스（페르소나）
呼び名,우샤스
NICKNAME,ウシャス_ペルソナ
基礎,체력,1700
基礎,기력,1500
基礎,ＨＰ,17;HP
基礎,ＭＰ,24;MP
基礎,ＥＸＰ,14
基礎,ＭＡＧ,50
基礎,￥,8
基礎,충성도,100
基礎,LV,15
基礎,힘,5
基礎,지혜,10
基礎,마력,10
基礎,내구,3
基礎,속도,10
基礎,운,3
基礎,CP,5

素質,처녀
素質,자제심
素質,비관적
素質,일선을넘지않음
素質,정조관념
素質,부끄럼쟁이
素質,헌신적
素質,Ｂ민감
素質,거유
素質,일광욕
素質,고무
素質,우애

素質,머리
素質,눈
素質,입
素質,팔
素質,발

;初期ペルソナ核熱担当
基礎,검격,100
基礎,비구,200
基礎,타격,100
基礎,전술,50
基礎,화염,0
基礎,빙결,100
基礎,전격,100
基礎,충격,200
基礎,신경,100
基礎,정신,100
基礎,파마,0
基礎,주살,50
基礎,지변,100
基礎,수격,200
基礎,질풍,200
基礎,중력,200
基礎,핵열,0
基礎,만능,100
基礎,사이코,100


;계승타입
素質,회복
素質,지원
素質,화염
素質,파마
素質,핵열

;戦闘能力
能力,공격상성,2;타격
能力,최저공격횟수,1
能力,최대공격횟수,1
能力,사거리,1;
能力,공격범위,1


;キャラ特性
CSTR,종족명,여교황
能力,종족,40;페르소나전용
能力,회화타입,306;女・淑女

能力,속성LD,1;L
能力,속성LC,3;C

CSTR,일인칭,나
CSTR,이인칭,서머너

;服装
フラグ,모자,10；티아라
フラグ,옷,101；겉옷
フラグ,하의,203；몸뻬
フラグ,속옷（상）,502;스포츠브라
フラグ,속옷（하）,604;훈도시
フラグ,그외,1101；날개옷

;悪魔解説
CSTR,해설1,인도 신화에 등장하는 효홍(붉은 새벽)의 여신. 새벽빛을 신격화한 존재.
CSTR,해설2,천공신 디야우스와 지모신 프리티비의 딸이며 밤의 여신 라트리는 언니,
CSTR,해설3,태양신 수리야는 아들 혹은 연인으로 여겨진다.
;恋人説採用＝処女ということしよう
CSTR,해설4,『리그베다』에 등장하는 여신들 중 가장 많은 찬가를 보유하고 있다.
CSTR,해설5,
CSTR,해설6,태양보다 앞서 나타난 우샤스가 밤의 어둠을 걷어냄으로써 온갖 생명이 눈을 뜨고 활동을 시작한다.
CSTR,해설7,뒤를 쫓는 수리야가 그녀를 껴안으면 소멸해 버리지만,
CSTR,해설8,다음 날 아침에는 우주 질서(리타)에 따라 다시 그 모습을 드러낸다고 한다.
;つまり毎日生まれ変わる、アマテラス以上に処女厨歓喜な女神って事じゃないですか、やったー
CSTR,해설9,
CSTR,해설10,바라문교에서 힌두교로 변천하는 과정에서 그 중요성은 점차 옅어졌다.
