番号,5057,
名前,코하쿠,
呼び名,코하쿠,
NICKNAME,琥珀,
基礎,체력,1600
基礎,기력,1800
基礎,ＨＰ,17;HP
基礎,ＭＰ,24;MP
基礎,ＥＸＰ,20
基礎,ＭＡＧ,50
基礎,￥,8
基礎,충성도,100
基礎,LV,15
基礎,힘,5
基礎,지혜,9
基礎,마력,10
基礎,내구,6
基礎,속도,6
基礎,운,2
基礎,CP,5

基礎,신장,156
基礎,바스트,78
基礎,웨스트,58
基礎,힙사이즈,80
基礎,체중,43

CSTR,머리색,赤
CSTR,체형,セミロング
CSTR,눈동자색,茶色
;CSTR,피부색,未指定;

素質,무관심
素質,비관적
素質,일선을넘지않음
素質,프라이드낮음
素質,정조관결여
素質,억압
素質,아픔에강함
素質,소악마
素質,치료
素質,냉정

素質,머리,
素質,눈,
素質,입,
素質,팔,
素質,발,
素質,무기,;掃除用具とか

;普通の人間と何ら変わりません
基礎,검격,100
基礎,비구,100
基礎,타격,100
基礎,전술,100
基礎,화염,100
基礎,빙결,100
基礎,전격,100
基礎,충격,100
基礎,신경,100
基礎,정신,100
基礎,파마,0
基礎,주살,100
基礎,지변,100
基礎,수격,100
基礎,질풍,100
基礎,중력,100
基礎,핵열,100
基礎,만능,100
基礎,사이코,100

能力,요리기능,5;

能力,스킬1,[[스킬:돌격]]
能力,스킬2,[[스킬:마구날뛰기]]

能力,습득스킬1,[[스킬:타루카쟈오토]]
能力,습득LV1,25
能力,습득스킬2,[[스킬:마카카쟈오토]]
能力,습득LV2,30
能力,습득스킬3,[[스킬:발도오의・하정추성]]
能力,습득LV3,40

能力,공격상성,2
能力,최저공격횟수,1
能力,최대공격횟수,1
能力,사거리,1;사거리
能力,공격범위,1

能力,종족,44;
CSTR,종족명,사용인

素質,검격,
素質,신경,
素質,지원,
能力,계승타입,0;継承なし
能力,회화타입,0;会話なし
能力,속성LD,3;D
能力,속성LC,2;N

フラグ,특수합체만
フラグ,１체만

	;初期衣装,,
フラグ,모자,[[衣装:리본]]
フラグ,옷,[[衣装:기모노]]
フラグ,속옷（상）,[[衣装:브래지어]]
フラグ,속옷（하）,[[衣装:팬티]]
フラグ,양말,[[衣装:양말]]
フラグ,신발,[[衣装:조리]]
フラグ,겉옷,[[衣装:소매있는앞치마]]

CSTR,일인칭,나
CSTR,이인칭,당신
CSTR,타이틀,使用人

フラグ,EXTRA출전,3
フラグ,컨버터,274

;wikiコピペ
CSTR,해설1,코하쿠　　156cm/43kg - B78/W58/H80
CSTR,해설2,
CSTR,해설3,토오노 가를 섬기는 사용인. 갓파기(앞치마)를 입은 소녀. 히스이는 여동생.
CSTR,해설4,토오노 가의 주방을 도맡고 있으나、청소를 시키면 물건을 부순다.
CSTR,해설5,그 밖에도 정원의 식물 손질이나 저택 내 재무 관리 등을 도맡고 있다.
CSTR,해설6,언제나 밝은 미소를 잃지 않으나、과거에는 미소 외에 감정을 드러낼 수 없었다. 다만 현재는 웃는 것 외의 감정 표현도 가능하다.

CSTR,해설9,일상적으로 화복을 걸치는 붉은 머리의 소녀.
CSTR,해설10,
CSTR,해설11,등장작품: 『월희』 외
