番号,5072,
名前,에르제베트・바토리,
呼び名,빨강랜서,
NICKNAME,赤ランサー,
基礎,체력,2200
基礎,기력,1600
基礎,ＨＰ,17;HP
基礎,ＭＰ,24;MP
基礎,ＥＸＰ,20
基礎,ＭＡＧ,50
基礎,￥,8
基礎,충성도,100
基礎,LV,20
基礎,힘,11
基礎,지혜,3
基礎,마력,12
基礎,내구,11
基礎,속도,5
基礎,운,6
基礎,CP,5

基礎,신장,154
基礎,바스트,77
基礎,웨스트,56
基礎,힙사이즈,80
基礎,체중,44

CSTR,머리색,ピンク
CSTR,체형,ツーサイドアップ
CSTR,눈동자색,緑
CSTR,피부색,白

素質,처녀,
素質,프라이드높음,
素質,눈에띄고싶어함,
素質,정조관념,
素質,부끄럼쟁이,
素質,바늘다루기,
素質,도착적,
素質,망신,
素質,유아체형,
素質,빈유,
素質,우둔,
素質,머리,
素質,눈,
素質,입,
素質,팔,
素質,발,
素質,꼬리,
素質,무기,

;-- 経験
経験,가학쾌락경험,100
経験,이상경험,2

;呪殺、精神無効、疾風、衝撃耐性(自分で使うしね)、神経耐性、破魔弱点
;火炎、精神を弱点に、元に戻す場合はEVENT98_BASEのBASE:(CHARANUM-1):화염 = 80という記述を削除する必要あり
基礎,검격,100
基礎,비구,100
基礎,타격,100
基礎,전술,100
基礎,화염,125
基礎,빙결,100
基礎,전격,100
基礎,충격,50
基礎,신경,50
基礎,정신,125
基礎,파마,150
基礎,주살,0
基礎,지변,100
基礎,수격,100
基礎,질풍,50
基礎,중력,100
基礎,핵열,100
基礎,만능,100

能力,스킬1,[[스킬:번개찌르기]]
能力,스킬2,[[스킬:잔마]]
能力,스킬3,[[스킬:패닉보이스]]
能力,스킬4,[[스킬:테일]]

能力,습득스킬1,[[스킬:토라에스트]]
能力,습득LV1,25
能力,습득스킬2,[[스킬:타루・카쟈]]
能力,습득LV2,30
能力,습득스킬3,[[스킬:프레이다인]]
能力,습득LV3,35
能力,습득스킬4,[[스킬:백열찌르기]]
能力,습득LV4,40
能力,습득스킬5,[[스킬:소닉붐]]
能力,습득LV5,45
能力,습득스킬6,[[스킬:용아선회]]
能力,습득LV6,50
能力,습득스킬7,[[스킬:선혈마양]]
能力,습득LV7,55

能力,종족,44;
CSTR,종족명,서번트
能力,계승타입,0;継承なし
能力,회화타입,0;会話なし
能力,속성LD,3;D
能力,속성LC,3;C

能力,공격상성,0
能力,최저공격횟수,1
能力,최대공격횟수,1
能力,사거리,1;사거리
能力,공격범위,1

;初期衣装,,
フラグ,모자,5,리본
フラグ,전신복,304,드레스
フラグ,속옷（상）,501,브래지어
フラグ,속옷（하）,602;팬티
フラグ,양말,801;양말
フラグ,신발,907;ヒール

CSTR,일인칭,나
CSTR,이인칭,돼지
CSTR,타이틀,선혈마양

能力,코딩,8401;클래스카드「창병」


フラグ,특수합체만
フラグ,１체만
フラグ,합체조건있음

;wikiコピペ
フラグ,EXTRA출전,4
フラグ,컨버터,275

素質,검격
素質,핵열
素質,충격

;wikiコピペ
CSTR,해설1,적랜서(엘리자베트 바토리)　　154cm/44kg - B77/W56/H80
CSTR,해설2,
CSTR,해설3,「창병(랜서)」 클래스의 서번트. 프릴 달린 의상을 걸친 미소녀이지만、머리에는 뿔이 2개、엉덩이에는 끝이 갈라진 용의 꼬리 같은 것이 있어 기이한 실루엣을 지녔다.
CSTR,해설4,진명은 엘리자베트 바토리. 600명 이상의 처녀의 생혈을 뒤집어쓰고 자신의 미모를 유지하려 했던 악녀로 전해진다.
CSTR,해설5,아이돌을 자처하는 소위 디저트계(스위츠계) 소녀. 남을 기본적으로 돼지(남성)、다람쥐(여성)라 부르며 사람 취급하지 않는다.
CSTR,해설6,아름다운 흡혈귀 카밀라의 모델 중 한 명이기도 하다.
CSTR,해설7,
CSTR,해설8,,登場作品:Fate Extra CCC他
