番号,510
名前,티타니아
呼び名,티타니아
NICKNAME,ティターニア

基礎,체력,1900
基礎,기력,1500
基礎,ＨＰ,17;HP
基礎,ＭＰ,24;MP
基礎,ＥＸＰ,14
基礎,ＭＡＧ,50
基礎,￥,8
基礎,충성도,100

基礎,LV,51
基礎,힘,9
基礎,지혜,18
基礎,마력,24
基礎,내구,13
基礎,속도,16
基礎,운,14
基礎,CP,5

素質,꿋꿋함
素質,프라이드높음
素質,건방짐
;素質,자제심
素質,호기심
素質,낙관적
;パックの媚薬効果が通常だと可哀想
;素質,정조관결여
素質,습득빠름
素質,쾌감에솔직
素質,중독되기쉬움
素質,바이
素質,새드
素質,매력
;月明かりから魔力を得ている
素質,월광욕
素質,교활

能力,욕망,1

能力,Ｖ감각,1
経験,Ｖ경험,30
能力,Ａ감각,1
経験,Ａ경험,10
;オベロンにだけ絶頂経験は彼が可哀想なので
;欲求不満でイライラしてるかもしれないけど
経験,절정경험,20
経験,성교경험,40
経験,자위경험,10
経験,정액경험,30
経験,레즈경험,20

素質,머리
素質,눈
素質,입
素質,팔
素質,날개
素質,발

;神経無効＋魔法に強い＋物理にやや弱い＋浮遊
基礎,검격,100
基礎,비구,150
基礎,타격,150
基礎,전술,175
基礎,화염,50
基礎,빙결,50
基礎,전격,50
基礎,충격,50
基礎,신경,0
基礎,정신,150
基礎,파마,100
基礎,주살,100
基礎,지변,50
基礎,수격,50
基礎,질풍,50
基礎,중력,50
基礎,핵열,50
基礎,만능,100
基礎,사이코,75

能力,스킬1,[[스킬:부흐다인]]
能力,스킬2,[[스킬:던지는키스]]
能力,스킬3,[[스킬:마칸・다]]

能力,습득스킬1,[[스킬:삼할의마맥]]
能力,습득LV1,52
能力,습득스킬2,[[스킬:페트라디]]
能力,습득LV2,53
能力,습득스킬3,[[스킬:도루미나]]
能力,습득LV3,55
能力,습득스킬4,[[스킬:메・디아라한]]
能力,습득LV4,59

能力,종족,6;요정

素質,회복
素質,정신

能力,회화타입,305;女・大人
フラグ,ＴＳ시회화타입,317;男・大人
能力,속성LD,2;N
能力,속성LC,2;N

能力,공격상성,2
能力,최저공격횟수,1
能力,최대공격횟수,1
能力,사거리,1;사거리
能力,공격범위,1

能力,코딩,8017;극작가의펜
能力,아이템2,5201
能力,입수확률2,5
能力,아이템1,1001
能力,입수확률1,10

能力,수태아이템,2102;クイーンウィップ

CSTR,일인칭,나
CSTR,이인칭,인간

CSTR,배우자,オベロン

CSTR,상성_발군,ダイアナ
CSTR,상성_양호,ピクシー/シルキー/ハイピクシー/ブルーベル/ノッカー/ゴブリン/ブラウニー/バグス/スプリガン
CSTR,상성그룹,妖精の森

フラグ,모자,27;꽃송이
フラグ,전신복,304;드레스
フラグ,속옷（상）,511;뷔스티에
フラグ,속옷（하）,611;레이스달린팬티
;フラグ,양말,805;가터스타킹
;フラグ,신발,907;하이힐
フラグ,그외,1123;귀걸이
フラグ,그외2,1128;넥클리스
フラグ,그외3,1127;앵클릿

CSTR,해설1,달밤의 숲의 지배자이며 요정왕 오베론의 왕비。
CSTR,해설2,기원은 로마 신화의 달의 여신 다이아나라고 한다。

CSTR,해설4,다이아나는 엘리자베스 시대의 영국에서 요정으로 여겨져、
CSTR,해설5,셰익스피어가 『한여름 밤의 꿈』에서 요정여왕에게
CSTR,해설6,「여자 티탄」을 의미하는 티타니아라고 이름 붙인 것이 정착했다。
