番号,280
フラグ,EXTRA출전,-1
フラグ,컨버터,252
名前,아젤
呼び名,아젤
NICKNAME,アゼル

基礎,체력,2000
基礎,기력,1600
基礎,ＨＰ,17;HP
基礎,ＭＰ,24;MP
基礎,ＥＸＰ,20
基礎,ＭＡＧ,1000
基礎,￥,8
基礎,충성도,100

基礎,LV,58
基礎,힘,19
基礎,지혜,18
基礎,마력,14
基礎,내구,21
基礎,속도,19
基礎,운,19
基礎,CP,5

素質,반항적
素質,프라이드높음
素質,눈에띄고싶어함
素質,정조관결여
素質,해방
素質,부끄럼없음
素質,아픔에강함
素質,젖기어려움
素質,바늘다루기
素質,조합지식
素質,불결무시
素質,쾌감에솔직
素質,도착적
素質,바이
素質,새드
素質,절벽
素質,거체
素質,회복빠름
素質,금단의지식
素質,절륜
素質,남자
素質,교활

素質,머리
素質,눈
素質,입
素質,팔
素質,발

基礎,검격,50
基礎,비구,50
基礎,타격,50
基礎,전술,50
基礎,화염,50
基礎,빙결,50
基礎,전격,150
基礎,충격,50
基礎,신경,0
基礎,정신,0
基礎,파마,200
基礎,주살,0
基礎,지변,50
基礎,수격,50
基礎,질풍,150
基礎,중력,50
基礎,핵열,150
基礎,만능,100
基礎,사이코,100

能力,스킬1,[[스킬:마하・아기바리온]]
能力,스킬2,[[스킬:마하・부흐바리온]]
能力,스킬3,[[스킬:마린카린]]
能力,스킬4,[[스킬:데・카쟈]]

能力,습득스킬1,[[스킬:마하무드바리온]]
能力,습득LV1,59
能力,습득스킬2,[[스킬:마하・그라바리온]]
能力,습득LV2,61
能力,습득스킬3,[[스킬:메기도라온]]
能力,습득LV3,63
能力,습득스킬4,[[스킬:불굴의투지]]
能力,습득LV4,65

能力,종족,3;마왕
素質,검격
素質,화염
素質,주살
素質,타격
素質,전술

能力,회화타입,317;男・大人
フラグ,ＴＳ시회화타입,305;女・大人
能力,속성LD,3;D
能力,속성LC,3;C

能力,공격상성,3
能力,최저공격횟수,1
能力,최대공격횟수,1
能力,사거리,2;사거리
能力,공격범위,3

CSTR,일인칭,나
CSTR,이인칭,네놈

;デビチルは別物として付けない
;CSTR,近親判定_兄弟,ルシファー
CSTR,近親判定_娘,エレジー
;CSTR,상성_불량,エレジー/ルシファー
CSTR,상성_불량,エレジー

フラグ,특수합체만
フラグ,합체조건있음
フラグ,전서소환불가,1

;悪魔解説
CSTR,해설1,엘레지의 아버지이자 루시퍼의 동생으로 강력한 권세욕을 지닌 마왕。
CSTR,해설2,형인 루시퍼를 유폐하고 스스로 대마왕이 되어 마계를 손에 쥐고 흔들었다。
CSTR,해설4,자신이 잊어버린 선한 기억을 떠올리게 하고、
CSTR,해설5,막강한 힘을 지닌 딸 엘레지의 존재를 두려워하여 그녀를 버렸다。
