番号,1601
名前,페르세포네
呼び名,페르세포네
NICKNAME,ペルセポネ

基礎,체력,2500
基礎,기력,1400
基礎,ＨＰ,17;HP
基礎,ＭＰ,24;MP
基礎,ＥＸＰ,20
基礎,ＭＡＧ,50
基礎,￥,8
基礎,충성도,100

基礎,LV,16
基礎,힘,6
基礎,지혜,9
基礎,마력,10
基礎,내구,6
基礎,속도,8
基礎,운,3
基礎,CP,5

素質,처녀
素質,얌전함
素質,프라이드낮음
素質,츤데레
素質,무관심
素質,비관적
素質,일선을넘지않음
;アドーニスは居るけどそれ程ヤリマンでもないので
;素質,정조관결여
素質,불결무시
;結婚したら束縛キツくなった
素質,질투
素質,빈유
素質,회복빠름
素質,냉정

;処女付いてるのでコメント化
;経験,Ｖ경험,5
;経験,성교경험,5

素質,머리
素質,눈
素質,입
素質,팔
素質,발

;魔法全般にやや強い
基礎,검격,100
基礎,비구,100
基礎,타격,100
基礎,전술,100
基礎,화염,125
基礎,빙결,125
基礎,전격,50
基礎,충격,50
基礎,신경,0
基礎,정신,0
基礎,파마,0
基礎,주살,999
基礎,지변,125
基礎,수격,125
基礎,질풍,0
基礎,중력,100
基礎,핵열,125
基礎,만능,100
基礎,사이코,100

能力,스킬1,[[스킬:마하무드]],（ムドラ代用）
能力,스킬2,[[스킬:페트라아이]]
能力,스킬3,[[스킬:부흐라]]

能力,습득스킬1,[[스킬:마린카린]]
能力,습득LV1,17
能力,습득스킬2,[[스킬:마하・지오]]
能力,습득LV2,19
能力,습득스킬3,[[스킬:사마・카쟈]],(必殺大回転！)
能力,습득LV3,18

能力,종족,17;사신
CSTR,종족명,사신死神

素質,전격
素質,회복
素質,파마
素質,주살

能力,회화타입,304;女・若者
フラグ,ＴＳ시회화타입,316;男・若者
能力,속성LD,3;D
能力,속성LC,2;N

能力,공격상성,2
能力,최저공격횟수,1
能力,최대공격횟수,1
能力,사거리,1;사거리
能力,공격범위,1

能力,코딩,8002;명계의열쇠
能力,아이템1,1001;외상약
能力,입수확률1,10

CSTR,일인칭,나
CSTR,이인칭,인간

;家族構成
CSTR,近親判定_父,ゼウス
CSTR,近親判定_母,デメテール/デメテル_女神
CSTR,배우자,ハーデス

;アドニスからはそんなに好かれてない
CSTR,상성_발군,アドニス
;元侍女
CSTR,상성_양호,セイレーン
;厳密には違うけど
CSTR,상성그룹,オリュンポス

;グロデザインが嫌な人向け
;フラグ,모자,20;화관
;フラグ,전신복,329;키톤
;フラグ,속옷（상）,503;무명천
;フラグ,속옷（하）,602;팬티
;フラグ,신발,903;샌들
;フラグ,겉옷,1027;히마티온

;悪魔解説
CSTR,해설1,그리스 신화에 등장하는 여신이자 명계의 여왕이다。
CSTR,해설2,제우스와 데메테르의 딸로、하데스의 아내로서 곁에 좌정하고 있다고 전해진다。
CSTR,해설3,지상에 있을 때는 코레(처녀)、명계에 들어서면 페르세포네(파괴자)라고 불리기도 한다。
;CSTR,해설4,
CSTR,해설5,하데스에게 납치되어 명부로 끌려간 페르세포네는 정중한 대접을 받았으나 구혼에는 응하지 않았고、
CSTR,해설6,이윽고 제우스의 요구로 해방될 때、하데스가 권한 석류 열매를 먹어버렸다。
CSTR,해설7,명계의 음식을 먹은 자는 명계에 속한다는 규율 때문에、데메테르의 반대에도 불구하고
CSTR,해설8,그녀는 일 년의 3분의 1을 명부에서 보내야만 하게 되었다고 한다。
