番号,1428
名前,타케미카즈치
呼び名,타케미카즈치
NICKNAME,タケミカヅチ
基礎,체력,2200
基礎,기력,1800
基礎,ＨＰ,17;HP
基礎,ＭＰ,24;MP
基礎,ＥＸＰ,25
基礎,ＭＡＧ,50
基礎,￥,10
基礎,충성도,100

基礎,LV,48
基礎,힘,23
基礎,지혜,10
基礎,마력,14
基礎,내구,16
基礎,속도,15
基礎,운,10
基礎,CP,5

素質,건방짐
素質,프라이드높음
;地震を抑える
素質,자제심
;素質,보수적
素質,낙관적
;国譲りの使者に立候補
素質,눈에띄고싶어함
素質,아픔에강함
素質,습득빠름
素質,불결무시
素質,절벽
素質,남자
素質,영맹

素質,머리
素質,눈
素質,입
素質,팔
素質,발
素質,무기

基礎,검격,100
基礎,비구,100
基礎,타격,999
基礎,전술,999
基礎,화염,100
基礎,빙결,100
基礎,전격,-50
基礎,충격,150
基礎,신경,75
基礎,정신,75
基礎,파마,0
基礎,주살,125
基礎,지변,0
基礎,수격,100
基礎,질풍,150
基礎,중력,125
基礎,핵열,100
基礎,만능,100
基礎,사이코,100

素質,검격
素質,전술
素質,지원
素質,전격

能力,스킬1,[[스킬:회전베기]]
能力,스킬2,[[스킬:지오다인]]
能力,스킬3,[[스킬:마하・지온가]]

能力,습득스킬1,[[스킬:에스트마]]
能力,습득LV1,49
能力,습득스킬2,[[스킬:데・카쟈]]
能力,습득LV2,50
能力,습득스킬3,[[스킬:즌바라린]]
能力,습득LV3,52

能力,공격상성,0
能力,최저공격횟수,1
能力,최대공격횟수,1
能力,사거리,1;사거리
能力,공격범위,1

能力,종족,15;귀신
CSTR,종족명,천진신
能力,회화타입,316;男・若者
フラグ,ＴＳ시회화타입,304;女・若者
能力,속성LD,1;L
能力,속성LC,1;L

CSTR,일인칭,나
;CSTR,이인칭,서머너
CSTR,이인칭,너

;親という程でもないので
CSTR,상성_발군,ヒノカグツチ/アメノトリフネ/フツヌシ/完二
CSTR,상성_불량,オオクニヌシ/コトシロヌシ
CSTR,상성_최악,タケミナカタ/アマツミカボシ

CSTR,상성그룹,高天原

能力,코딩,8036;뇌경의부적
能力,아이템1,1004;보옥
能力,입수확률1,10
能力,아이템2,1025;챠크라드롭
能力,입수확률2,5

能力,수태아이템,2222;후츠미타마노츠루기

フラグ,모자,26;머리끈
フラグ,속옷（하）,604;훈도시

;悪魔解説
CSTR,해설1,타케미카즈치노카미(建御雷神)。타케후츠노카미、토요후츠노카미라는 별명도 있다。
CSTR,해설2,이자나기가 히노카구츠치를 베어 죽였을 때、토츠카노츠루기의 칼자루 부근에서 튄 피에서 태어난 신 중 한 기。
;CSTR,해설3,
CSTR,해설4,국양(나라 양도)에서의 아마츠카미 측 중심인물。
CSTR,해설5,그 교섭 도중 타케미나카타와 힘겨루기를 하였는데、그것이 스모(씨름)의 기원이 되었다고 전해진다。
CSTR,해설6,또한 진무 천황의 동정에 힘을 보탰다고도 전해진다。
;CSTR,해설7,
CSTR,해설8,뇌신、무신으로 유명하지만、지진을 일으키는 거대 메기를 억누르는 신이기도 했다。
