; GENERATED START
角色编号,301
姓名,900101
基础属性,性欲,10001
基础属性,压力,10000
基础属性,体重偏差,10000
基础属性,药物残留,1000
角色Flag,父方角色,-1
角色Flag,母方角色,-1
基础属性,体力,1000
基础属性,精力,1000
基础属性,根性,1200
基础属性,智力,1200
默认称呼,900101
角色Flag,种族,1
基础属性,速度,1200
基础属性,耐力,1200
基础属性,力量,1200
角色Flag,性别,10
角色Flag,成长阶段,5
角色Flag,出生月份,5
角色Flag,出生日期,2
角色Flag,气性,2
角色Flag,身高,170
角色Flag,下胸围,66
角色Flag,胸围,81
角色Flag,腰围,52
角色Flag,臀围,83
角色Flag,肤色深度,0
角色Str,发色,dark_brown
角色Str,前发,midd_part
角色Str,中发,
角色Str,后发,
角色Str,呆毛,
角色Str,毛色,kage
角色Str,流星形状,未知
角色Flag,流星大小,-3
特性,泌乳,0
特性,乳头类型,0
特性,茎核类型,0
特性,腋毛成长,2
特性,阴毛成长,2
角色Flag,腋毛,0
角色Flag,阴毛,1
角色Flag,初始速度,140
角色Flag,初始耐力,100
角色Flag,初始力量,93
角色Flag,初始根性,102
角色Flag,初始智力,115
角色Flag,速度加成,10
角色Flag,耐力加成,10
角色Flag,力量加成,10
角色Flag,根性加成,10
角色Flag,智力加成,10
角色Flag,草地适性,6
角色Flag,泥地适性,6
角色Flag,短距离适性,4
角色Flag,英里赛适性,6
角色Flag,中距离适性,6
角色Flag,长距离适性,5
角色Flag,逃马适性,6
角色Flag,先马适性,4
角色Flag,差马适性,2
角色Flag,追马适性,2
角色Flag,随机招募,0
角色Str,称号,900101
角色Str,头像,绿帽
技能,粤语,0
技能,英语,0
技能,法语,0
; GENERATED END
特性,痛苦感受,-1
特性,反抗意愿,1
特性,坦率程度,1
特性,身体素质,1
特性,偷懒克制,-1
特性,淫臀,1
特性,淫乱,1
称呼,302,900212
信赖,302,400
称呼,305,900511
信赖,305,100
称呼,306,900612
信赖,306,100
珠,粉,100
珠,蓝,100
珠,白,100
角色Flag,可再次育成,1