番号,623
名前,라마슈투
呼び名,라마슈투
NICKNAME,ラマシュトゥ

基礎,체력,2000
基礎,기력,1600
基礎,ＨＰ,17;HP
基礎,ＭＰ,24;MP
基礎,ＥＸＰ,14
基礎,ＭＡＧ,50
基礎,￥,8
基礎,충성도,100

基礎,LV,59
基礎,힘,22
基礎,지혜,12
基礎,마력,14
基礎,내구,25
基礎,속도,20
基礎,운,14
; 能力値合計：18 + (59 * 1.5) ± 5 = 18 + 89 = 107
基礎,CP,5

素質,반항적
素質,프라이드높음
素質,정조관결여
素質,저항
素質,아픔에강함
素質,혀놀림
素質,고양이혀
素質,악취민감
素質,새드
素質,Ｖ민감
素質,회복빠름
素質,동물귀
素質,발정가능
素質,영맹
;素質,잔학

能力,욕망,1
能力,새드끼,1

経験,Ｖ경험,5
経験,가학쾌락경험,30

素質,머리
素質,눈
素質,입
素質,팔
;素質,갈퀴
素質,발
素質,갈퀴발
素質,모피
素質,송곳니

;耐性
;呪殺反射、衝撃・神経・核熱無効
;物理・火炎に強く、氷結・電撃・破魔・水撃に弱い
基礎,검격,75
基礎,비구,75
基礎,타격,75
基礎,전술,75
基礎,화염,50
基礎,빙결,125
基礎,전격,150
基礎,충격,0
基礎,신경,0
基礎,정신,100
基礎,파마,125
基礎,주살,999
基礎,지변,100
基礎,수격,150
基礎,질풍,100
基礎,중력,100
基礎,핵열,0
基礎,만능,100
基礎,사이코,100

;初期所持スキル
能力,스킬1,[[스킬:독할퀴기]]
能力,스킬2,[[스킬:마비물어뜯기]]
能力,스킬3,[[스킬:바인드보이스]]
能力,스킬4,[[스킬:페트라아이]]

;습득스킬
能力,습득스킬1,[[스킬:포효]]
能力,습득LV1,60
能力,습득스킬2,[[스킬:아기다인]]
能力,습득LV2,62
能力,습득스킬3,[[스킬:혈제]]
能力,습득LV3,65

;계승타입
素質,전술
素質,화염
素質,신경
素質,주살

;戦闘能力
能力,공격상성,3;전술
能力,최저공격횟수,1
能力,최대공격횟수,1
能力,사거리,1
能力,공격범위,1

;倒した時に落とすアイテムと確率
能力,아이템1,1002;마석
能力,입수확률1,10

;キャラ特性
能力,종족,7;요귀
CSTR,종족명,귀녀
能力,회화타입,307;女・古風
フラグ,ＴＳ시회화타입,317;男・大人
能力,속성LD,2;Neutral
能力,속성LC,3;Chaos

CSTR,일인칭,이 몸
CSTR,이인칭,인간

CSTR,배우자,パズス
;元は同じだったらしい
CSTR,상성_발군,ゆりこ/リリス_真
CSTR,상성_양호,アドニス
CSTR,상성_최악,パズス
CSTR,상성그룹,メソポタミア

;服装
フラグ,전신속옷,724;뱀

;悪魔解説
CSTR,해설1,메소포타미아 아카드 지방에 전해지는 열파의 악령 파주주의 아내인 마신。
CSTR,해설2,그 모습은 사자 머리에 인간 몸을 하고 곳곳에 당나귀의 특징도 보이며、갈고리발에 손에는 뱀을 쥐고 있다고 한다。
;CSTR,해설3,
CSTR,해설4,신들의 왕 아누와 여신 안투 사이에서 태어났음에도 갓난아기를 납치해 잡아먹거나
CSTR,해설5,역병을 만연시키는 악신이었기에 대단히 두려움의 대상이 되었다。
CSTR,해설6,그 때문에 사람들은 라마슈투 본인은 물론 남편 파주주를 독실히 믿고 공물을 바침으로써
CSTR,해설7,그 중재를 기대하며 파주주의 상을 방에 두었다고 한다。
