番号,8025
名前,경비드론
呼び名,경비드론
NICKNAME,警備ドローン
フラグ,EXTRA출전,18

基礎,체력,2500
基礎,기력,1000

基礎,LV,7
基礎,힘,6
基礎,지혜,5
基礎,마력,3
基礎,내구,5
基礎,속도,7
基礎,운,2
基礎,CP,0

素質,솔직함
素質,자제심
素質,무관심
素質,감정결핍
素質,젖기어려움
素質,습득빠름
素質,헌신적
素質,쾌감을부정
素質,Ｃ둔감
素質,Ｖ둔감
素質,Ａ둔감
素質,Ｂ둔감
素質,절벽
素質,남자
素質,냉정
素質,허심

素質,이형
素質,머리
素質,눈

;電撃に弱い
基礎,검격,100
基礎,비구,125
基礎,타격,100
基礎,전술,100
基礎,화염,100
基礎,빙결,100
基礎,전격,200
基礎,충격,150
基礎,신경,0
基礎,정신,0
基礎,파마,0
基礎,주살,0
基礎,지변,0
基礎,수격,125
基礎,질풍,150
基礎,중력,200
基礎,핵열,100
基礎,만능,100
基礎,사이코,100

能力,스킬1,[[스킬:싱글샷]]

能力,종족,33
CSTR,종족명,머신
能力,회화타입,331;회화불능
能力,속성LD,3;D
能力,속성LC,1;L

能力,공격상성,1
能力,최저공격횟수,1
能力,최대공격횟수,1
能力,사거리,1;사거리
能力,공격범위,1

;本機
CSTR,일인칭,본기
CSTR,이인칭,アナタ

フラグ,합체조건있음
フラグ,전서소환불가
