番号,5813
名前,도레미・스위트
呼び名,도레미
NICKNAME,ドレミー

基礎,체력,1300
基礎,기력,2500

基礎,LV,24
基礎,힘,5
基礎,지혜,13
基礎,마력,13
基礎,내구,7
基礎,속도,10
基礎,운,8

素質,처녀
素質,반항적
素質,보수적
素質,해방
素質,부끄럼없음
素質,월광욕

;性格素質選択。択一
素質,냉정

能力,기교,2

;（体の部位）
素質,머리
素質,눈
素質,입
素質,팔
素質,발
素質,꼬리

;レジストメモ
;呪殺、神経、精神反射、飛具・火炎・重力弱点
基礎,검격,75
基礎,비구,125
基礎,타격,75
基礎,전술,75
基礎,화염,150
基礎,빙결,100
基礎,전격,100
基礎,충격,100
基礎,신경,999
基礎,정신,999
基礎,파마,100
基礎,주살,999
基礎,지변,100
基礎,수격,100
基礎,질풍,150
基礎,중력,100
基礎,핵열,100
基礎,만능,100

;初期スキル
能力,스킬1,[[스킬:섹시댄스]]
能力,스킬2,[[스킬:도루미나]]
能力,스킬3,[[스킬:뉴로크런치]]

;습득스킬
能力,습득스킬1,[[스킬:텐타라후]]
能力,습득LV1,26
能力,습득스킬2,[[스킬:독가스브레스]]
能力,습득LV2,29
能力,습득스킬3,[[스킬:몽부「황색의착종미몽」]]
能力,습득LV3,32
能力,습득스킬4,[[스킬:브레인버스트]]
能力,습득LV4,35
能力,습득스킬5,[[스킬:영면의유혹]]
能力,습득LV5,40

;継承タイプ選択
素質,신경
素質,정신
素質,주살
素質,지원

;5,요마
能力,종족,5
CSTR,종족명,몽마

能力,회화타입,305,성인

能力,속성LD,2;N
能力,속성LC,2;N

CSTR,일인칭,나
CSTR,이인칭,당신
CSTR,타이틀,꿈의 지배자

能力,수태아이템,3211;스위트드림스

;정신,9
能力,공격상성,9

能力,최저공격횟수,1
能力,최대공격횟수,1

;3=L
能力,사거리,3

;単体
能力,공격범위,1

フラグ,시아크출현가능

;初期衣装
フラグ,모자,8;모자
フラグ,전신복,302;로브
フラグ,속옷（상）,501;브래지어
フラグ,속옷（하）,602;팬티
フラグ,양말,801;양말
フラグ,그외,1156;경전

フラグ,EXTRA출전,6
フラグ,컨버터,273

;悪魔解説
CSTR,해설1,登場作品：東方紺珠伝
CSTR,해설2,種族：獏
CSTR,해설3,능력: 꿈을 먹고 꿈을 창조하는 정도의 능력
CSTR,해설4,이명: 꿈의 지배자
CSTR,해설5,
CSTR,해설6,나이트캡과 흑백 방울이 달린 흑백 로브, 손에 든 몽혼이 특징인 맥(바쿠) 요괴.
CSTR,해설7,모든 살아있는 생물이 꾸는 꿈은 근저에서 연결되어 있으며 꿈의 세계에 살고 있는 그녀는
CSTR,해설8,그것들을 조작할 수 있고 또한 꿈의 세계의 질서를 유지하고자 감시하고 있다.
CSTR,해설9,
CSTR,해설10,동방감주전에서는 키신 사구메가 달의 도시를 덮치는 『어느 신령』의 공격을 피하기 위해 요청하여 꿈속에 달의 도시를 만들고
CSTR,해설11,달의 백성들을 대피시켰다. …본인은 내키지 않았던 데다 그 후의 진전도 없어 꽤나 민폐였던 모양이다.
CSTR,해설12,그러던 중 꿈의 세계로 맨몸으로 돌진해 온 레이무 일행을 보고 잠재우려 하지만 격파당한다.
CSTR,해설13,대화를 나누며 레이무 일행의 목적이 달의 도시에 가는 것임을 알자 사구메를 향한 앙갚음도 겸해 현실 측 달의 도시로 보내버렸다.
CSTR,해설14,
CSTR,해설15,그리하여 레이무와 마리사, 레이센은 다시금, 사나에는 처음으로 달의 도시에 발을 딛게 된다.
CSTR,해설16,가자미눈과 고양이 입 등 냉소적이고 비꼬는 표정과 행동거지가 자주 보인다.
CSTR,해설17,
CSTR,해설18,일련의 이변 후에는 환상향에서 도레미 표 스위트 안면 베개를 판매하고 있는데……
CSTR,해설19,베고 잠든 자의 꿈속으로 찾아가 사용 후기를 묻고 다녀 소문이 자자하다고 한다.
