;ライセンスフリーで御座います。
番号,1085
名前,쿠드락
呼び名,쿠드락
NICKNAME,クドラク

基礎,체력,2500
基礎,기력,1000
基礎,ＨＰ,17;HP
基礎,ＭＰ,24;MP
基礎,ＥＸＰ,8
基礎,ＭＡＧ,80
基礎,￥,12
基礎,충성도,100

基礎,LV,49
基礎,힘,22
基礎,지혜,10
基礎,마력,20
基礎,내구,17
基礎,속도,19
基礎,운,7
基礎,CP,5

素質,반항적
素質,츤데레
素質,눈에띄고싶어함
素質,정조관결여
素質,해방
素質,아픔에강함
素質,악취민감
素質,쾌감에솔직
素質,도착적
素質,절벽
CSTR,피부색,褐色
素質,흡혈귀
素質,남자
素質,영맹

能力,욕망,1
能力,새드끼,1
経験,가학쾌락경험,10

素質,머리
素質,눈
素質,입
素質,팔
素質,발

;耐性
基礎,검격,75
基礎,비구,150
基礎,타격,75
基礎,전술,75
基礎,화염,200
基礎,빙결,999
基礎,전격,75
基礎,충격,100
基礎,신경,100
基礎,정신,100
基礎,파마,75
基礎,주살,0
基礎,지변,100
基礎,수격,125
基礎,질풍,100
基礎,중력,100
基礎,핵열,150
基礎,만능,100
基礎,사이코,100

;初期所持スキル
能力,스킬1,[[스킬:마하・부흐라]]
能力,스킬2,[[스킬:석화물어뜯기]]

;습득스킬
能力,습득스킬1,[[스킬:부흐다인]]
能力,습득LV1,52
能力,습득스킬2,[[스킬:무드온]]
能力,습득LV2,56
能力,습득스킬3,[[스킬:치유촉진(중)]]
能力,습득LV3,57

;계승타입
素質,빙결
素質,주살
素質,정신

;戦闘能力
能力,공격상성,3;전술
能力,최저공격횟수,1
能力,최대공격횟수,1
能力,사거리,1;S
能力,공격범위,1;単体

;倒した時に落とすアイテムと確率
能力,아이템1,1002;마석
能力,입수확률1,15
能力,아이템2,1116;충독명
能力,입수확률2,5

;キャラ特性
能力,종족,11;외도
CSTR,종족명,유귀
能力,회화타입,324;男・シニカル
フラグ,ＴＳ시회화타입,305;女・大人
能力,속성LD,3;Dark
能力,속성LC,3;Chaos

CSTR,일인칭,나
CSTR,이인칭,네놈

CSTR,상성_최악,クルースニク
CSTR,상성그룹,흡혈귀

;服装
フラグ,옷,120;드레스셔츠
フラグ,하의,204;바지
フラグ,속옷（하）,632;복서브리프
フラグ,겉옷,1002;망토

;悪魔解説
CSTR,해설1,악과 어둠의 상징으로 여겨지는 흡혈귀。선과 빛의 상징으로 여겨지는 크르스니크와 대립한다。
;CSTR,해설2,
CSTR,해설3,악성 유행병、불운、흉작 등、살아가는 사람들에게 공포스러운 것들
CSTR,해설4,모두를 일으키는 원흉으로 생각되었던 사악한 흡혈귀。
CSTR,해설5,쿠드락의 정체는 악의를 가진 마술사나 주술사、흡혈귀라고 정해져 있어서、
CSTR,해설6,항상 무고한 사람이나 무방비한 사람을 덮친다고 한다。
CSTR,해설7,또한、쿠드락은 사후에 가장 무서운 모습이 된다고 여겨졌다。
CSTR,해설8,그래서 한 번 죽은 쿠드락이 부활하지 않도록、서양산사나무로 만들어진
CSTR,해설9,특제 말뚝으로 시체를 꿰었다고 한다。
