番号,459
名前,임프
呼び名,임프
NICKNAME,インプ

基礎,체력,1600
基礎,기력,1400
基礎,ＨＰ,17;HP
基礎,ＭＰ,24;MP
基礎,ＥＸＰ,14
基礎,ＭＡＧ,50
基礎,￥,7
基礎,충성도,100

基礎,LV,9
基礎,힘,4
基礎,지혜,7
基礎,마력,4
基礎,내구,4
基礎,속도,7
基礎,운,5
基礎,CP,5

素質,건방짐
素質,호기심
素質,정조관결여
素質,해방
素質,부끄럼없음
;사역마
素質,헌신적
素質,쾌감에솔직
素質,소악마
素質,유아체형
素質,절벽
素質,남자
素質,교활

能力,욕망,1

素質,머리
素質,눈
素質,입
素質,팔
素質,갈퀴
素質,날개
素質,발
素質,갈퀴발
;素質,꼬리

;
基礎,검격,75
基礎,비구,120
基礎,타격,75
基礎,전술,110
基礎,화염,100
基礎,빙결,100
基礎,전격,50
基礎,충격,125
基礎,신경,100
基礎,정신,100
基礎,파마,150
基礎,주살,50
基礎,지변,100
基礎,수격,100
基礎,질풍,125
基礎,중력,125
基礎,핵열,100
基礎,만능,100
基礎,사이코,100

能力,스킬1,[[스킬:잔]]
能力,스킬2,[[스킬:도루미나]]
能力,스킬3,[[스킬:디아]]

能力,습득스킬1,[[스킬:스쿤・다]]
能力,습득LV1,10
能力,습득스킬2,[[스킬:마하・잔]]
能力,습득LV2,11


能力,종족,5;요마
CSTR,종족명,야마

素質,충격
素質,정신
素質,주살

能力,회화타입,316;男・若者
フラグ,ＴＳ시회화타입,304;女・若者
能力,속성LD,2;N
能力,속성LC,3;C

能力,공격상성,2;공격상성
能力,최저공격횟수,1
能力,최대공격횟수,1
能力,사거리,1
能力,공격범위,1

能力,아이템1,1002
能力,입수확률1,15

CSTR,일인칭,나
CSTR,이인칭,너

;初期衣装

;悪魔解説
CSTR,해설1,키는 10cm부터 최대 인간의 어린애 정도의 작은 악마로
CSTR,해설2,전신이 까맣고、뾰족한 귀와 부풀어 오른 배、갈고리가 달린 긴 꼬리를 가졌다。
CSTR,해설3,원래는 장난꾸러기 요정이었으나、후에 악마로 여겨지게 되었다。

CSTR,해설5,마법사나 마녀의 사역마라고 믿어지는데、주술에 의한 속박이 계속되는 한에는、
CSTR,해설6,주인을 도우려고 하지만、기회가 생기면 배신할 계획을 세운다고 한다。
