番号,3336
名前,칸지의그림자
呼び名,칸지의그림자
NICKNAME,完二の影

基礎,체력,2500
基礎,기력,2000
基礎,ＨＰ,20;HP
基礎,ＭＰ,20;MP
基礎,ＥＸＰ,18
基礎,ＭＡＧ,50
基礎,￥,8
基礎,충성도,100

基礎,LV,30
基礎,힘,19
基礎,지혜,2
基礎,마력,2
基礎,내구,20
基礎,속도,12
基礎,운,8
基礎,CP,20

;素質,반항적
素質,솔직함
素質,호기심
素質,눈에띄고싶어함
素質,해방
素質,부끄럼없음
素質,아픔에강함
素質,자위하기쉬움
素質,쾌감에솔직
素質,도착적
素質,여성혐오
素質,수수께끼의매력
素質,Ａ민감
素質,절벽
素質,회복빠름
素質,남자
素質,절륜
素質,영맹

素質,머리
素質,눈
素質,입
素質,팔
素質,발
素質,무기

;
基礎,검격,100
基礎,비구,100
基礎,타격,100
基礎,전술,100
基礎,화염,100
基礎,빙결,100
基礎,전격,100
基礎,충격,100
基礎,신경,100
基礎,정신,0
基礎,파마,0
基礎,주살,100
基礎,지변,100
基礎,수격,100
基礎,질풍,100
基礎,중력,100
基礎,핵열,100
基礎,만능,100
基礎,사이코,100

能力,스킬1,[[스킬:메가톤프레스]]
能力,스킬2,[[스킬:돌려차기]]
能力,스킬3,[[스킬:양팔찍기]]
能力,스킬4,[[스킬:섹시댄스]]
能力,스킬5,[[스킬:지온가]]

能力,종족,32;괴이
能力,회화타입,332;シャドウ
;フラグ,ＴＳ시회화타입,332;シャドウ
;フラグ,인간화시회화타입,332;シャドウ
;フラグ,ＴＳ인간화시회화타입,332;シャドウ
能力,속성LD,3;D
能力,속성LC,2;N

素質,타격
素質,지원

能力,공격상성,2
能力,최저공격횟수,1
能力,최대공격횟수,1
能力,사거리,1;사거리
能力,공격범위,1

能力,아이템1,1003
能力,입수확률1,3
能力,아이템2,3586
能力,입수확률2,1

;CSTR,일인칭,나
;CSTR,이인칭,너
CSTR,일인칭,나
CSTR,이인칭,너

CSTR,상성_최고,完二
CSTR,상성_양호,ナイスガイ/タフガイ

フラグ,속옷（하）,604;훈도시

フラグ,특수합체만
フラグ,합체조건있음
フラグ,전서소환불가

CSTR,해설1,타츠미 칸지의 마음에서 태어난 섀도.
CSTR,해설2,당초에는 훈도시 차림의 칸지 그 자체였으나 그에게 부정당함으로써 폭주하여 이형의 모습으로 변모한다.

CSTR,해설4,훈도시 차림은 유지한 채 흑백으로 칠해진 근골이 융융한 우람한 거한이 되어,
CSTR,해설5,머리 부분에는 화장을 한 여성스러운 칸지가 장미 꽃다발에 둘러싸여 있다.
CSTR,해설6,양옆에는 남성의 심벌을 끼고 나이스가이와 터프가이를 거느리고 있다.

CSTR,해설8,어릴 때부터 바느질과 수예가 취미였고 동물이나 귀여운 것을 좋아했으나,
CSTR,해설9,초등학교 동창들에게 놀림을 받아 겉으로는 그 취향을 봉인하고 타인과 거리를 두게 되었다.
CSTR,해설10,거기에 더해 (남자로 알고 있던) 나오토를 향한 마음 때문에 혼란에 빠져버린 「남성성」이 이 괴이의 정체이다.

CSTR,해설20,등장작품: 『페르소나 4』
